Workbook

Sheet Dashboard
B2: EC LAB — INVENTORY MANAGEMENT SYSTEM
B3: Live stock, bin locations and issue records for the EC Lab component racks.
B5: COMPONENTS | D5: UNITS ON SHELF | F5: LOW STOCK | H5: OUT OF STOCK | J5: ISSUED OUT | L5: NOT COUNTED
B6: =COUNTA(Inventory!$A$2:$A$381) -> 380 | D6: =SUM(Inventory!$H$2:$H$381) -> 6203 | F6: =COUNTIF(Inventory!$J$2:$J$381,"Low stock") -> 86 | H6: =COUNTIF(Inventory!$J$2:$J$381,"Out of stock") -> 20 | J6: =SUMIF('Issue Log'!$J$2:$J$501,"Out",'Issue Log'!$G$2:$G$501) -> 0 | L6: =COUNTIF(Inventory!$J$2:$J$381,"Not counted") -> 46
B7: distinct line items | D7: available pieces | F7: below minimum | H7: zero available | J7: pieces with students | L7: need a stock take
B9: STOCK BY CATEGORY | G9: HOW TO USE THIS WORKBOOK
B10: Category | C10: Items | D10: Low / Out | E10: Available units | G10: Search | H10: Type a component name in the yellow cell — it returns the exact bin (e.g. 1K Ω Resistor → A2).
B11: Antenna | C11: =COUNTIF(Inventory!$C$2:$C$381,$B11) -> 2 | D11: =COUNTIFS(Inventory!$C$2:$C$381,$B11,Inventory!$J$2:$J$381,"Low stock")+COUNTIFS(Inventory!$C$2:$C$381,$B11,Inventory!$J$2:$J$381,"Out of stock") -> 0 | E11: =SUMIF(Inventory!$C$2:$C$381,$B11,Inventory!$H$2:$H$381) -> 11 | G11: Inventory | H11: The master list. Edit only the blue columns: Stock Qty and Min. Rows colour themselves by status.
B12: Battery | C12: =COUNTIF(Inventory!$C$2:$C$381,$B12) -> 10 | D12: =COUNTIFS(Inventory!$C$2:$C$381,$B12,Inventory!$J$2:$J$381,"Low stock")+COUNTIFS(Inventory!$C$2:$C$381,$B12,Inventory!$J$2:$J$381,"Out of stock") -> 4 | E12: =SUMIF(Inventory!$C$2:$C$381,$B12,Inventory!$H$2:$H$381) -> 69 | G12: Low Stock | H12: Auto-built restocking list — everything out, below minimum, or never counted.
B13: Buzzer | C13: =COUNTIF(Inventory!$C$2:$C$381,$B13) -> 1 | D13: =COUNTIFS(Inventory!$C$2:$C$381,$B13,Inventory!$J$2:$J$381,"Low stock")+COUNTIFS(Inventory!$C$2:$C$381,$B13,Inventory!$J$2:$J$381,"Out of stock") -> 0 | E13: =SUMIF(Inventory!$C$2:$C$381,$B13,Inventory!$H$2:$H$381) -> 0 | G13: Issue Log | H13: Record who took what. Available stock on Inventory drops automatically until you fill the return date.
B14: Cable | C14: =COUNTIF(Inventory!$C$2:$C$381,$B14) -> 7 | D14: =COUNTIFS(Inventory!$C$2:$C$381,$B14,Inventory!$J$2:$J$381,"Low stock")+COUNTIFS(Inventory!$C$2:$C$381,$B14,Inventory!$J$2:$J$381,"Out of stock") -> 1 | E14: =SUMIF(Inventory!$C$2:$C$381,$B14,Inventory!$H$2:$H$381) -> 42 | G14: Locations | H14: Item count and low-stock count for every bin, drawer and box.
B15: Camera | C15: =COUNTIF(Inventory!$C$2:$C$381,$B15) -> 1 | D15: =COUNTIFS(Inventory!$C$2:$C$381,$B15,Inventory!$J$2:$J$381,"Low stock")+COUNTIFS(Inventory!$C$2:$C$381,$B15,Inventory!$J$2:$J$381,"Out of stock") -> 0 | E15: =SUMIF(Inventory!$C$2:$C$381,$B15,Inventory!$H$2:$H$381) -> 2 | G15: Thresholds | H15: The minimum level suggested for each category. Change a single item's Min on the Inventory sheet.
B16: Capacitor | C16: =COUNTIF(Inventory!$C$2:$C$381,$B16) -> 38 | D16: =COUNTIFS(Inventory!$C$2:$C$381,$B16,Inventory!$J$2:$J$381,"Low stock")+COUNTIFS(Inventory!$C$2:$C$381,$B16,Inventory!$J$2:$J$381,"Out of stock") -> 11 | E16: =SUMIF(Inventory!$C$2:$C$381,$B16,Inventory!$H$2:$H$381) -> 938
B17: Chassis | C17: =COUNTIF(Inventory!$C$2:$C$381,$B17) -> 1 | D17: =COUNTIFS(Inventory!$C$2:$C$381,$B17,Inventory!$J$2:$J$381,"Low stock")+COUNTIFS(Inventory!$C$2:$C$381,$B17,Inventory!$J$2:$J$381,"Out of stock") -> 0 | E17: =SUMIF(Inventory!$C$2:$C$381,$B17,Inventory!$H$2:$H$381) -> 0 | G17: Blue figures are yours to edit. Black figures are formulas — changing them breaks the totals.
B18: Connector | C18: =COUNTIF(Inventory!$C$2:$C$381,$B18) -> 11 | D18: =COUNTIFS(Inventory!$C$2:$C$381,$B18,Inventory!$J$2:$J$381,"Low stock")+COUNTIFS(Inventory!$C$2:$C$381,$B18,Inventory!$J$2:$J$381,"Out of stock") -> 2 | E18: =SUMIF(Inventory!$C$2:$C$381,$B18,Inventory!$H$2:$H$381) -> 78
B19: Converter | C19: =COUNTIF(Inventory!$C$2:$C$381,$B19) -> 3 | D19: =COUNTIFS(Inventory!$C$2:$C$381,$B19,Inventory!$J$2:$J$381,"Low stock")+COUNTIFS(Inventory!$C$2:$C$381,$B19,Inventory!$J$2:$J$381,"Out of stock") -> 0 | E19: =SUMIF(Inventory!$C$2:$C$381,$B19,Inventory!$H$2:$H$381) -> 1
B20: Diode | C20: =COUNTIF(Inventory!$C$2:$C$381,$B20) -> 5 | D20: =COUNTIFS(Inventory!$C$2:$C$381,$B20,Inventory!$J$2:$J$381,"Low stock")+COUNTIFS(Inventory!$C$2:$C$381,$B20,Inventory!$J$2:$J$381,"Out of stock") -> 3 | E20: =SUMIF(Inventory!$C$2:$C$381,$B20,Inventory!$H$2:$H$381) -> 8
B21: Display | C21: =COUNTIF(Inventory!$C$2:$C$381,$B21) -> 4 | D21: =COUNTIFS(Inventory!$C$2:$C$381,$B21,Inventory!$J$2:$J$381,"Low stock")+COUNTIFS(Inventory!$C$2:$C$381,$B21,Inventory!$J$2:$J$381,"Out of stock") -> 0 | E21: =SUMIF(Inventory!$C$2:$C$381,$B21,Inventory!$H$2:$H$381) -> 31
B22: Driver | C22: =COUNTIF(Inventory!$C$2:$C$381,$B22) -> 1 | D22: =COUNTIFS(Inventory!$C$2:$C$381,$B22,Inventory!$J$2:$J$381,"Low stock")+COUNTIFS(Inventory!$C$2:$C$381,$B22,Inventory!$J$2:$J$381,"Out of stock") -> 0 | E22: =SUMIF(Inventory!$C$2:$C$381,$B22,Inventory!$H$2:$H$381) -> 5
B23: Fan | C23: =COUNTIF(Inventory!$C$2:$C$381,$B23) -> 1 | D23: =COUNTIFS(Inventory!$C$2:$C$381,$B23,Inventory!$J$2:$J$381,"Low stock")+COUNTIFS(Inventory!$C$2:$C$381,$B23,Inventory!$J$2:$J$381,"Out of stock") -> 0 | E23: =SUMIF(Inventory!$C$2:$C$381,$B23,Inventory!$H$2:$H$381) -> 2
B24: Filter | C24: =COUNTIF(Inventory!$C$2:$C$381,$B24) -> 2 | D24: =COUNTIFS(Inventory!$C$2:$C$381,$B24,Inventory!$J$2:$J$381,"Low stock")+COUNTIFS(Inventory!$C$2:$C$381,$B24,Inventory!$J$2:$J$381,"Out of stock") -> 0 | E24: =SUMIF(Inventory!$C$2:$C$381,$B24,Inventory!$H$2:$H$381) -> 14
B25: Fuse | C25: =COUNTIF(Inventory!$C$2:$C$381,$B25) -> 1 | D25: =COUNTIFS(Inventory!$C$2:$C$381,$B25,Inventory!$J$2:$J$381,"Low stock")+COUNTIFS(Inventory!$C$2:$C$381,$B25,Inventory!$J$2:$J$381,"Out of stock") -> 0 | E25: =SUMIF(Inventory!$C$2:$C$381,$B25,Inventory!$H$2:$H$381) -> 8
B26: Hardware | C26: =COUNTIF(Inventory!$C$2:$C$381,$B26) -> 3 | D26: =COUNTIFS(Inventory!$C$2:$C$381,$B26,Inventory!$J$2:$J$381,"Low stock")+COUNTIFS(Inventory!$C$2:$C$381,$B26,Inventory!$J$2:$J$381,"Out of stock") -> 1 | E26: =SUMIF(Inventory!$C$2:$C$381,$B26,Inventory!$H$2:$H$381) -> 3
B27: Heat Sink | C27: =COUNTIF(Inventory!$C$2:$C$381,$B27) -> 2 | D27: =COUNTIFS(Inventory!$C$2:$C$381,$B27,Inventory!$J$2:$J$381,"Low stock")+COUNTIFS(Inventory!$C$2:$C$381,$B27,Inventory!$J$2:$J$381,"Out of stock") -> 1 | E27: =SUMIF(Inventory!$C$2:$C$381,$B27,Inventory!$H$2:$H$381) -> 7
B28: IC | C28: =COUNTIF(Inventory!$C$2:$C$381,$B28) -> 60 | D28: =COUNTIFS(Inventory!$C$2:$C$381,$B28,Inventory!$J$2:$J$381,"Low stock")+COUNTIFS(Inventory!$C$2:$C$381,$B28,Inventory!$J$2:$J$381,"Out of stock") -> 18 | E28: =SUMIF(Inventory!$C$2:$C$381,$B28,Inventory!$H$2:$H$381) -> 921
B29: IC Base | C29: =COUNTIF(Inventory!$C$2:$C$381,$B29) -> 10 | D29: =COUNTIFS(Inventory!$C$2:$C$381,$B29,Inventory!$J$2:$J$381,"Low stock")+COUNTIFS(Inventory!$C$2:$C$381,$B29,Inventory!$J$2:$J$381,"Out of stock") -> 1 | E29: =SUMIF(Inventory!$C$2:$C$381,$B29,Inventory!$H$2:$H$381) -> 747
... B53: Wire | C53: =COUNTIF(Inventory!$C$2:$C$381,$B53) -> 4 | D53: =COUNTIFS(Inventory!$C$2:$C$381,$B53,Inventory!$J$2:$J$381,"Low stock")+COUNTIFS(Inventory!$C$2:$C$381,$B53,Inventory!$J$2:$J$381,"Out of stock") -> 0 | E53: =SUMIF(Inventory!$C$2:$C$381,$B53,Inventory!$H$2:$H$381) -> 0

Sheet Search
B2: COMPONENT SEARCH
B4: Search for: | C4: resistor | F4: part of a name, a category, or a bin code such as D5
B6: MATCHES | C6: =IF($C$4="","type something above",COUNTIF(Inventory!$M$2:$M$381,1)&" found") -> 46 found
B7: # | C7: Component | D7: Category | E7: LOCATION | F7: Available | G7: Status
B8: 1 | C8: =IFERROR(INDEX(Inventory!$B$2:$B$381,MATCH($B8,Inventory!$N$2:$N$381,0)),"") -> 330 Ω Resistor+ | D8: =IFERROR(INDEX(Inventory!$C$2:$C$381,MATCH($B8,Inventory!$N$2:$N$381,0)),"") -> Resistor | E8: =IFERROR(INDEX(Inventory!$E$2:$E$381,MATCH($B8,Inventory!$N$2:$N$381,0)),"") -> A1 | F8: =IFERROR(INDEX(Inventory!$H$2:$H$381,MATCH($B8,Inventory!$N$2:$N$381,0)),"") -> 10 | G8: =IFERROR(INDEX(Inventory!$J$2:$J$381,MATCH($B8,Inventory!$N$2:$N$381,0)),"") -> In stock
B9: 2 | C9: =IFERROR(INDEX(Inventory!$B$2:$B$381,MATCH($B9,Inventory!$N$2:$N$381,0)),"") -> 70 Ω Resistor+ | D9: =IFERROR(INDEX(Inventory!$C$2:$C$381,MATCH($B9,Inventory!$N$2:$N$381,0)),"") -> Resistor | E9: =IFERROR(INDEX(Inventory!$E$2:$E$381,MATCH($B9,Inventory!$N$2:$N$381,0)),"") -> A1 | F9: =IFERROR(INDEX(Inventory!$H$2:$H$381,MATCH($B9,Inventory!$N$2:$N$381,0)),"") -> 5 | G9: =IFERROR(INDEX(Inventory!$J$2:$J$381,MATCH($B9,Inventory!$N$2:$N$381,0)),"") -> Low stock
B10: 3 | C10: =IFERROR(INDEX(Inventory!$B$2:$B$381,MATCH($B10,Inventory!$N$2:$N$381,0)),"") -> 68 Ω Resistor+ | D10: =IFERROR(INDEX(Inventory!$C$2:$C$381,MATCH($B10,Inventory!$N$2:$N$381,0)),"") -> Resistor | E10: =IFERROR(INDEX(Inventory!$E$2:$E$381,MATCH($B10,Inventory!$N$2:$N$381,0)),"") -> A1 | F10: =IFERROR(INDEX(Inventory!$H$2:$H$381,MATCH($B10,Inventory!$N$2:$N$381,0)),"") -> 150 | G10: =IFERROR(INDEX(Inventory!$J$2:$J$381,MATCH($B10,Inventory!$N$2:$N$381,0)),"") -> In stock
B11: 4 | C11: =IFERROR(INDEX(Inventory!$B$2:$B$381,MATCH($B11,Inventory!$N$2:$N$381,0)),"") -> 100 Ω Resistor+ | D11: =IFERROR(INDEX(Inventory!$C$2:$C$381,MATCH($B11,Inventory!$N$2:$N$381,0)),"") -> Resistor | E11: =IFERROR(INDEX(Inventory!$E$2:$E$381,MATCH($B11,Inventory!$N$2:$N$381,0)),"") -> A1 | F11: =IFERROR(INDEX(Inventory!$H$2:$H$381,MATCH($B11,Inventory!$N$2:$N$381,0)),"") -> 25 | G11: =IFERROR(INDEX(Inventory!$J$2:$J$381,MATCH($B11,Inventory!$N$2:$N$381,0)),"") -> In stock
B12: 5 | C12: =IFERROR(INDEX(Inventory!$B$2:$B$381,MATCH($B12,Inventory!$N$2:$N$381,0)),"") -> 5.2 Ω Resistor+ | D12: =IFERROR(INDEX(Inventory!$C$2:$C$381,MATCH($B12,Inventory!$N$2:$N$381,0)),"") -> Resistor | E12: =IFERROR(INDEX(Inventory!$E$2:$E$381,MATCH($B12,Inventory!$N$2:$N$381,0)),"") -> A1 | F12: =IFERROR(INDEX(Inventory!$H$2:$H$381,MATCH($B12,Inventory!$N$2:$N$381,0)),"") -> 20 | G12: =IFERROR(INDEX(Inventory!$J$2:$J$381,MATCH($B12,Inventory!$N$2:$N$381,0)),"") -> In stock
B13: 6 | C13: =IFERROR(INDEX(Inventory!$B$2:$B$381,MATCH($B13,Inventory!$N$2:$N$381,0)),"") -> 150K Ω Resistor+ | D13: =IFERROR(INDEX(Inventory!$C$2:$C$381,MATCH($B13,Inventory!$N$2:$N$381,0)),"") -> Resistor | E13: =IFERROR(INDEX(Inventory!$E$2:$E$381,MATCH($B13,Inventory!$N$2:$N$381,0)),"") -> A1 | F13: =IFERROR(INDEX(Inventory!$H$2:$H$381,MATCH($B13,Inventory!$N$2:$N$381,0)),"") -> 10 | G13: =IFERROR(INDEX(Inventory!$J$2:$J$381,MATCH($B13,Inventory!$N$2:$N$381,0)),"") -> In stock
B14: 7 | C14: =IFERROR(INDEX(Inventory!$B$2:$B$381,MATCH($B14,Inventory!$N$2:$N$381,0)),"") -> 15K Ω Resistor+ | D14: =IFERROR(INDEX(Inventory!$C$2:$C$381,MATCH($B14,Inventory!$N$2:$N$381,0)),"") -> Resistor | E14: =IFERROR(INDEX(Inventory!$E$2:$E$381,MATCH($B14,Inventory!$N$2:$N$381,0)),"") -> A1 | F14: =IFERROR(INDEX(Inventory!$H$2:$H$381,MATCH($B14,Inventory!$N$2:$N$381,0)),"") -> 15 | G14: =IFERROR(INDEX(Inventory!$J$2:$J$381,MATCH($B14,Inventory!$N$2:$N$381,0)),"") -> In stock
B15: 8 | C15: =IFERROR(INDEX(Inventory!$B$2:$B$381,MATCH($B15,Inventory!$N$2:$N$381,0)),"") -> 220 Ω Resistor+ | D15: =IFERROR(INDEX(Inventory!$C$2:$C$381,MATCH($B15,Inventory!$N$2:$N$381,0)),"") -> Resistor | E15: =IFERROR(INDEX(Inventory!$E$2:$E$381,MATCH($B15,Inventory!$N$2:$N$381,0)),"") -> A2 | F15: =IFERROR(INDEX(Inventory!$H$2:$H$381,MATCH($B15,Inventory!$N$2:$N$381,0)),"") -> 50 | G15: =IFERROR(INDEX(Inventory!$J$2:$J$381,MATCH($B15,Inventory!$N$2:$N$381,0)),"") -> In stock
B16: 9 | C16: =IFERROR(INDEX(Inventory!$B$2:$B$381,MATCH($B16,Inventory!$N$2:$N$381,0)),"") -> 10K Ω Resistor+ | D16: =IFERROR(INDEX(Inventory!$C$2:$C$381,MATCH($B16,Inventory!$N$2:$N$381,0)),"") -> Resistor | E16: =IFERROR(INDEX(Inventory!$E$2:$E$381,MATCH($B16,Inventory!$N$2:$N$381,0)),"") -> A2 | F16: =IFERROR(INDEX(Inventory!$H$2:$H$381,MATCH($B16,Inventory!$N$2:$N$381,0)),"") -> 50 | G16: =IFERROR(INDEX(Inventory!$J$2:$J$381,MATCH($B16,Inventory!$N$2:$N$381,0)),"") -> In stock
B17: 10 | C17: =IFERROR(INDEX(Inventory!$B$2:$B$381,MATCH($B17,Inventory!$N$2:$N$381,0)),"") -> 330K Ω Resistor+ | D17: =IFERROR(INDEX(Inventory!$C$2:$C$381,MATCH($B17,Inventory!$N$2:$N$381,0)),"") -> Resistor | E17: =IFERROR(INDEX(Inventory!$E$2:$E$381,MATCH($B17,Inventory!$N$2:$N$381,0)),"") -> A2 | F17: =IFERROR(INDEX(Inventory!$H$2:$H$381,MATCH($B17,Inventory!$N$2:$N$381,0)),"") -> 25 | G17: =IFERROR(INDEX(Inventory!$J$2:$J$381,MATCH($B17,Inventory!$N$2:$N$381,0)),"") -> In stock
B18: 11 | C18: =IFERROR(INDEX(Inventory!$B$2:$B$381,MATCH($B18,Inventory!$N$2:$N$381,0)),"") -> 470 Ω Resistor+ | D18: =IFERROR(INDEX(Inventory!$C$2:$C$381,MATCH($B18,Inventory!$N$2:$N$381,0)),"") -> Resistor | E18: =IFERROR(INDEX(Inventory!$E$2:$E$381,MATCH($B18,Inventory!$N$2:$N$381,0)),"") -> A2 | F18: =IFERROR(INDEX(Inventory!$H$2:$H$381,MATCH($B18,Inventory!$N$2:$N$381,0)),"") -> 10 | G18: =IFERROR(INDEX(Inventory!$J$2:$J$381,MATCH($B18,Inventory!$N$2:$N$381,0)),"") -> In stock
B19: 12 | C19: =IFERROR(INDEX(Inventory!$B$2:$B$381,MATCH($B19,Inventory!$N$2:$N$381,0)),"") -> 4.7K Ω Resistor+ | D19: =IFERROR(INDEX(Inventory!$C$2:$C$381,MATCH($B19,Inventory!$N$2:$N$381,0)),"") -> Resistor | E19: =IFERROR(INDEX(Inventory!$E$2:$E$381,MATCH($B19,Inventory!$N$2:$N$381,0)),"") -> A2 | F19: =IFERROR(INDEX(Inventory!$H$2:$H$381,MATCH($B19,Inventory!$N$2:$N$381,0)),"") -> 30 | G19: =IFERROR(INDEX(Inventory!$J$2:$J$381,MATCH($B19,Inventory!$N$2:$N$381,0)),"") -> In stock
... B47: 40 | C47: =IFERROR(INDEX(Inventory!$B$2:$B$381,MATCH($B47,Inventory!$N$2:$N$381,0)),"") -> 55K Ω Resistor+ | D47: =IFERROR(INDEX(Inventory!$C$2:$C$381,MATCH($B47,Inventory!$N$2:$N$381,0)),"") -> Resistor | E47: =IFERROR(INDEX(Inventory!$E$2:$E$381,MATCH($B47,Inventory!$N$2:$N$381,0)),"") -> MIXED RESISTOR BOX | F47: =IFERROR(INDEX(Inventory!$H$2:$H$381,MATCH($B47,Inventory!$N$2:$N$381,0)),"") -> 5 | G47: =IFERROR(INDEX(Inventory!$J$2:$J$381,MATCH($B47,Inventory!$N$2:$N$381,0)),"") -> Low stock

Sheet Low Stock
B2: RESTOCKING LIST
B3: Everything out of stock, below its minimum, or never counted. Rebuilds itself from the Inventory sheet.
B5: # | C5: Component | D5: Category | E5: Location | F5: Available | G5: Min | H5: Short by | I5: Status
B6: 1 | C6: =IFERROR(INDEX(Inventory!$B$2:$B$381,MATCH($B6,Inventory!$P$2:$P$381,0)),"") -> 70 Ω Resistor+ | D6: =IFERROR(INDEX(Inventory!$C$2:$C$381,MATCH($B6,Inventory!$P$2:$P$381,0)),"") -> Resistor | E6: =IFERROR(INDEX(Inventory!$E$2:$E$381,MATCH($B6,Inventory!$P$2:$P$381,0)),"") -> A1 | F6: =IFERROR(INDEX(Inventory!$H$2:$H$381,MATCH($B6,Inventory!$P$2:$P$381,0)),"") -> 5 | G6: =IFERROR(INDEX(Inventory!$I$2:$I$381,MATCH($B6,Inventory!$P$2:$P$381,0)),"") -> 10 | H6: =IF($C6="","",IF($F6="","count it",MAX(0,$G6-$F6))) -> 5 | I6: =IFERROR(INDEX(Inventory!$J$2:$J$381,MATCH($B6,Inventory!$P$2:$P$381,0)),"") -> Low stock
B7: 2 | C7: =IFERROR(INDEX(Inventory!$B$2:$B$381,MATCH($B7,Inventory!$P$2:$P$381,0)),"") -> 4.7K Ω Preset Potentiometer | D7: =IFERROR(INDEX(Inventory!$C$2:$C$381,MATCH($B7,Inventory!$P$2:$P$381,0)),"") -> Potentiometer | E7: =IFERROR(INDEX(Inventory!$E$2:$E$381,MATCH($B7,Inventory!$P$2:$P$381,0)),"") -> A3 | F7: =IFERROR(INDEX(Inventory!$H$2:$H$381,MATCH($B7,Inventory!$P$2:$P$381,0)),"") -> 3 | G7: =IFERROR(INDEX(Inventory!$I$2:$I$381,MATCH($B7,Inventory!$P$2:$P$381,0)),"") -> 4 | H7: =IF($C7="","",IF($F7="","count it",MAX(0,$G7-$F7))) -> 1 | I7: =IFERROR(INDEX(Inventory!$J$2:$J$381,MATCH($B7,Inventory!$P$2:$P$381,0)),"") -> Low stock
B8: 3 | C8: =IFERROR(INDEX(Inventory!$B$2:$B$381,MATCH($B8,Inventory!$P$2:$P$381,0)),"") -> 10K Ω Preset Potentiometer | D8: =IFERROR(INDEX(Inventory!$C$2:$C$381,MATCH($B8,Inventory!$P$2:$P$381,0)),"") -> Potentiometer | E8: =IFERROR(INDEX(Inventory!$E$2:$E$381,MATCH($B8,Inventory!$P$2:$P$381,0)),"") -> A3 | F8: =IFERROR(INDEX(Inventory!$H$2:$H$381,MATCH($B8,Inventory!$P$2:$P$381,0)),"") -> 3 | G8: =IFERROR(INDEX(Inventory!$I$2:$I$381,MATCH($B8,Inventory!$P$2:$P$381,0)),"") -> 4 | H8: =IF($C8="","",IF($F8="","count it",MAX(0,$G8-$F8))) -> 1 | I8: =IFERROR(INDEX(Inventory!$J$2:$J$381,MATCH($B8,Inventory!$P$2:$P$381,0)),"") -> Low stock
B9: 4 | C9: =IFERROR(INDEX(Inventory!$B$2:$B$381,MATCH($B9,Inventory!$P$2:$P$381,0)),"") -> Microphone and Microphone Module | D9: =IFERROR(INDEX(Inventory!$C$2:$C$381,MATCH($B9,Inventory!$P$2:$P$381,0)),"") -> Microphone | E9: =IFERROR(INDEX(Inventory!$E$2:$E$381,MATCH($B9,Inventory!$P$2:$P$381,0)),"") -> A4 | F9: =IFERROR(INDEX(Inventory!$H$2:$H$381,MATCH($B9,Inventory!$P$2:$P$381,0)),"") | G9: =IFERROR(INDEX(Inventory!$I$2:$I$381,MATCH($B9,Inventory!$P$2:$P$381,0)),"") -> 2 | H9: =IF($C9="","",IF($F9="","count it",MAX(0,$G9-$F9))) -> count it | I9: =IFERROR(INDEX(Inventory!$J$2:$J$381,MATCH($B9,Inventory!$P$2:$P$381,0)),"") -> Not counted
B10: 5 | C10: =IFERROR(INDEX(Inventory!$B$2:$B$381,MATCH($B10,Inventory!$P$2:$P$381,0)),"") -> Speacker Speacker Module | D10: =IFERROR(INDEX(Inventory!$C$2:$C$381,MATCH($B10,Inventory!$P$2:$P$381,0)),"") -> Speaker | E10: =IFERROR(INDEX(Inventory!$E$2:$E$381,MATCH($B10,Inventory!$P$2:$P$381,0)),"") -> A4 | F10: =IFERROR(INDEX(Inventory!$H$2:$H$381,MATCH($B10,Inventory!$P$2:$P$381,0)),"") | G10: =IFERROR(INDEX(Inventory!$I$2:$I$381,MATCH($B10,Inventory!$P$2:$P$381,0)),"") -> 1 | H10: =IF($C10="","",IF($F10="","count it",MAX(0,$G10-$F10))) -> count it | I10: =IFERROR(INDEX(Inventory!$J$2:$J$381,MATCH($B10,Inventory!$P$2:$P$381,0)),"") -> Not counted
B11: 6 | C11: =IFERROR(INDEX(Inventory!$B$2:$B$381,MATCH($B11,Inventory!$P$2:$P$381,0)),"") -> 2.7 Non polarised Capacitor | D11: =IFERROR(INDEX(Inventory!$C$2:$C$381,MATCH($B11,Inventory!$P$2:$P$381,0)),"") -> Capacitor | E11: =IFERROR(INDEX(Inventory!$E$2:$E$381,MATCH($B11,Inventory!$P$2:$P$381,0)),"") -> A5 | F11: =IFERROR(INDEX(Inventory!$H$2:$H$381,MATCH($B11,Inventory!$P$2:$P$381,0)),"") -> 6 | G11: =IFERROR(INDEX(Inventory!$I$2:$I$381,MATCH($B11,Inventory!$P$2:$P$381,0)),"") -> 10 | H11: =IF($C11="","",IF($F11="","count it",MAX(0,$G11-$F11))) -> 4 | I11: =IFERROR(INDEX(Inventory!$J$2:$J$381,MATCH($B11,Inventory!$P$2:$P$381,0)),"") -> Low stock
B12: 7 | C12: =IFERROR(INDEX(Inventory!$B$2:$B$381,MATCH($B12,Inventory!$P$2:$P$381,0)),"") -> 47 Non polarised Capacitor | D12: =IFERROR(INDEX(Inventory!$C$2:$C$381,MATCH($B12,Inventory!$P$2:$P$381,0)),"") -> Capacitor | E12: =IFERROR(INDEX(Inventory!$E$2:$E$381,MATCH($B12,Inventory!$P$2:$P$381,0)),"") -> A5 | F12: =IFERROR(INDEX(Inventory!$H$2:$H$381,MATCH($B12,Inventory!$P$2:$P$381,0)),"") -> 6 | G12: =IFERROR(INDEX(Inventory!$I$2:$I$381,MATCH($B12,Inventory!$P$2:$P$381,0)),"") -> 10 | H12: =IF($C12="","",IF($F12="","count it",MAX(0,$G12-$F12))) -> 4 | I12: =IFERROR(INDEX(Inventory!$J$2:$J$381,MATCH($B12,Inventory!$P$2:$P$381,0)),"") -> Low stock
B13: 8 | C13: =IFERROR(INDEX(Inventory!$B$2:$B$381,MATCH($B13,Inventory!$P$2:$P$381,0)),"") -> 56 Non Polarised Capacitor | D13: =IFERROR(INDEX(Inventory!$C$2:$C$381,MATCH($B13,Inventory!$P$2:$P$381,0)),"") -> Capacitor | E13: =IFERROR(INDEX(Inventory!$E$2:$E$381,MATCH($B13,Inventory!$P$2:$P$381,0)),"") -> A5 | F13: =IFERROR(INDEX(Inventory!$H$2:$H$381,MATCH($B13,Inventory!$P$2:$P$381,0)),"") -> 8 | G13: =IFERROR(INDEX(Inventory!$I$2:$I$381,MATCH($B13,Inventory!$P$2:$P$381,0)),"") -> 10 | H13: =IF($C13="","",IF($F13="","count it",MAX(0,$G13-$F13))) -> 2 | I13: =IFERROR(INDEX(Inventory!$J$2:$J$381,MATCH($B13,Inventory!$P$2:$P$381,0)),"") -> Low stock
B14: 9 | C14: =IFERROR(INDEX(Inventory!$B$2:$B$381,MATCH($B14,Inventory!$P$2:$P$381,0)),"") -> 2.2uf 63v Capacitor | D14: =IFERROR(INDEX(Inventory!$C$2:$C$381,MATCH($B14,Inventory!$P$2:$P$381,0)),"") -> Capacitor | E14: =IFERROR(INDEX(Inventory!$E$2:$E$381,MATCH($B14,Inventory!$P$2:$P$381,0)),"") -> A6 | F14: =IFERROR(INDEX(Inventory!$H$2:$H$381,MATCH($B14,Inventory!$P$2:$P$381,0)),"") -> 7 | G14: =IFERROR(INDEX(Inventory!$I$2:$I$381,MATCH($B14,Inventory!$P$2:$P$381,0)),"") -> 10 | H14: =IF($C14="","",IF($F14="","count it",MAX(0,$G14-$F14))) -> 3 | I14: =IFERROR(INDEX(Inventory!$J$2:$J$381,MATCH($B14,Inventory!$P$2:$P$381,0)),"") -> Low stock
B15: 10 | C15: =IFERROR(INDEX(Inventory!$B$2:$B$381,MATCH($B15,Inventory!$P$2:$P$381,0)),"") -> 10uf 50v Capacitor | D15: =IFERROR(INDEX(Inventory!$C$2:$C$381,MATCH($B15,Inventory!$P$2:$P$381,0)),"") -> Capacitor | E15: =IFERROR(INDEX(Inventory!$E$2:$E$381,MATCH($B15,Inventory!$P$2:$P$381,0)),"") -> A6 | F15: =IFERROR(INDEX(Inventory!$H$2:$H$381,MATCH($B15,Inventory!$P$2:$P$381,0)),"") -> 7 | G15: =IFERROR(INDEX(Inventory!$I$2:$I$381,MATCH($B15,Inventory!$P$2:$P$381,0)),"") -> 10 | H15: =IF($C15="","",IF($F15="","count it",MAX(0,$G15-$F15))) -> 3 | I15: =IFERROR(INDEX(Inventory!$J$2:$J$381,MATCH($B15,Inventory!$P$2:$P$381,0)),"") -> Low stock
B16: 11 | C16: =IFERROR(INDEX(Inventory!$B$2:$B$381,MATCH($B16,Inventory!$P$2:$P$381,0)),"") -> 16MHz Oscillator | D16: =IFERROR(INDEX(Inventory!$C$2:$C$381,MATCH($B16,Inventory!$P$2:$P$381,0)),"") -> Oscillator | E16: =IFERROR(INDEX(Inventory!$E$2:$E$381,MATCH($B16,Inventory!$P$2:$P$381,0)),"") -> B6 | F16: =IFERROR(INDEX(Inventory!$H$2:$H$381,MATCH($B16,Inventory!$P$2:$P$381,0)),"") -> 2 | G16: =IFERROR(INDEX(Inventory!$I$2:$I$381,MATCH($B16,Inventory!$P$2:$P$381,0)),"") -> 5 | H16: =IF($C16="","",IF($F16="","count it",MAX(0,$G16-$F16))) -> 3 | I16: =IFERROR(INDEX(Inventory!$J$2:$J$381,MATCH($B16,Inventory!$P$2:$P$381,0)),"") -> Low stock
B17: 12 | C17: =IFERROR(INDEX(Inventory!$B$2:$B$381,MATCH($B17,Inventory!$P$2:$P$381,0)),"") -> Photo Diode Reciever | D17: =IFERROR(INDEX(Inventory!$C$2:$C$381,MATCH($B17,Inventory!$P$2:$P$381,0)),"") -> LED | E17: =IFERROR(INDEX(Inventory!$E$2:$E$381,MATCH($B17,Inventory!$P$2:$P$381,0)),"") -> B8 | F17: =IFERROR(INDEX(Inventory!$H$2:$H$381,MATCH($B17,Inventory!$P$2:$P$381,0)),"") -> 2 | G17: =IFERROR(INDEX(Inventory!$I$2:$I$381,MATCH($B17,Inventory!$P$2:$P$381,0)),"") -> 5 | H17: =IF($C17="","",IF($F17="","count it",MAX(0,$G17-$F17))) -> 3 | I17: =IFERROR(INDEX(Inventory!$J$2:$J$381,MATCH($B17,Inventory!$P$2:$P$381,0)),"") -> Low stock
... B205: 200 | C205: =IFERROR(INDEX(Inventory!$B$2:$B$381,MATCH($B205,Inventory!$P$2:$P$381,0)),"") | D205: =IFERROR(INDEX(Inventory!$C$2:$C$381,MATCH($B205,Inventory!$P$2:$P$381,0)),"") | E205: =IFERROR(INDEX(Inventory!$E$2:$E$381,MATCH($B205,Inventory!$P$2:$P$381,0)),"") | F205: =IFERROR(INDEX(Inventory!$H$2:$H$381,MATCH($B205,Inventory!$P$2:$P$381,0)),"") | G205: =IFERROR(INDEX(Inventory!$I$2:$I$381,MATCH($B205,Inventory!$P$2:$P$381,0)),"") | H205: =IF($C205="","",IF($F205="","count it",MAX(0,$G205-$F205))) | I205: =IFERROR(INDEX(Inventory!$J$2:$J$381,MATCH($B205,Inventory!$P$2:$P$381,0)),"")

Sheet Issue Log
A1: Date issued | B1: Component ID | C1: Component | D1: Location | E1: Issued to | F1: Purpose | G1: Qty issued | H1: Date returned | I1: Qty returned | J1: Status
A2: 2026-09-08 | B2: EC013 | C2: =IF($B2="","",IFERROR(INDEX(Inventory!$B$2:$B$381,MATCH($B2,Inventory!$A$2:$A$381,0)),"unknown ID")) -> 1K Ω Resistor+ | D2: =IF($B2="","",IFERROR(INDEX(Inventory!$E$2:$E$381,MATCH($B2,Inventory!$A$2:$A$381,0)),"")) -> A2 | E2: EXAMPLE — Ananya S. | F2: Mini project (delete this row) | G2: 10 | H2: 2026-09-09 | I2: 10 | J2: =IF($B2="","",IF($H2="","Out","Returned")) -> Returned
C3: =IF($B3="","",IFERROR(INDEX(Inventory!$B$2:$B$381,MATCH($B3,Inventory!$A$2:$A$381,0)),"unknown ID")) | D3: =IF($B3="","",IFERROR(INDEX(Inventory!$E$2:$E$381,MATCH($B3,Inventory!$A$2:$A$381,0)),"")) | J3: =IF($B3="","",IF($H3="","Out","Returned"))
C4: =IF($B4="","",IFERROR(INDEX(Inventory!$B$2:$B$381,MATCH($B4,Inventory!$A$2:$A$381,0)),"unknown ID")) | D4: =IF($B4="","",IFERROR(INDEX(Inventory!$E$2:$E$381,MATCH($B4,Inventory!$A$2:$A$381,0)),"")) | J4: =IF($B4="","",IF($H4="","Out","Returned"))
C5: =IF($B5="","",IFERROR(INDEX(Inventory!$B$2:$B$381,MATCH($B5,Inventory!$A$2:$A$381,0)),"unknown ID")) | D5: =IF($B5="","",IFERROR(INDEX(Inventory!$E$2:$E$381,MATCH($B5,Inventory!$A$2:$A$381,0)),"")) | J5: =IF($B5="","",IF($H5="","Out","Returned"))
C6: =IF($B6="","",IFERROR(INDEX(Inventory!$B$2:$B$381,MATCH($B6,Inventory!$A$2:$A$381,0)),"unknown ID")) | D6: =IF($B6="","",IFERROR(INDEX(Inventory!$E$2:$E$381,MATCH($B6,Inventory!$A$2:$A$381,0)),"")) | J6: =IF($B6="","",IF($H6="","Out","Returned"))
C7: =IF($B7="","",IFERROR(INDEX(Inventory!$B$2:$B$381,MATCH($B7,Inventory!$A$2:$A$381,0)),"unknown ID")) | D7: =IF($B7="","",IFERROR(INDEX(Inventory!$E$2:$E$381,MATCH($B7,Inventory!$A$2:$A$381,0)),"")) | J7: =IF($B7="","",IF($H7="","Out","Returned"))
C8: =IF($B8="","",IFERROR(INDEX(Inventory!$B$2:$B$381,MATCH($B8,Inventory!$A$2:$A$381,0)),"unknown ID")) | D8: =IF($B8="","",IFERROR(INDEX(Inventory!$E$2:$E$381,MATCH($B8,Inventory!$A$2:$A$381,0)),"")) | J8: =IF($B8="","",IF($H8="","Out","Returned"))
C9: =IF($B9="","",IFERROR(INDEX(Inventory!$B$2:$B$381,MATCH($B9,Inventory!$A$2:$A$381,0)),"unknown ID")) | D9: =IF($B9="","",IFERROR(INDEX(Inventory!$E$2:$E$381,MATCH($B9,Inventory!$A$2:$A$381,0)),"")) | J9: =IF($B9="","",IF($H9="","Out","Returned"))
C10: =IF($B10="","",IFERROR(INDEX(Inventory!$B$2:$B$381,MATCH($B10,Inventory!$A$2:$A$381,0)),"unknown ID")) | D10: =IF($B10="","",IFERROR(INDEX(Inventory!$E$2:$E$381,MATCH($B10,Inventory!$A$2:$A$381,0)),"")) | J10: =IF($B10="","",IF($H10="","Out","Returned"))
C11: =IF($B11="","",IFERROR(INDEX(Inventory!$B$2:$B$381,MATCH($B11,Inventory!$A$2:$A$381,0)),"unknown ID")) | D11: =IF($B11="","",IFERROR(INDEX(Inventory!$E$2:$E$381,MATCH($B11,Inventory!$A$2:$A$381,0)),"")) | J11: =IF($B11="","",IF($H11="","Out","Returned"))
C12: =IF($B12="","",IFERROR(INDEX(Inventory!$B$2:$B$381,MATCH($B12,Inventory!$A$2:$A$381,0)),"unknown ID")) | D12: =IF($B12="","",IFERROR(INDEX(Inventory!$E$2:$E$381,MATCH($B12,Inventory!$A$2:$A$381,0)),"")) | J12: =IF($B12="","",IF($H12="","Out","Returned"))
C13: =IF($B13="","",IFERROR(INDEX(Inventory!$B$2:$B$381,MATCH($B13,Inventory!$A$2:$A$381,0)),"unknown ID")) | D13: =IF($B13="","",IFERROR(INDEX(Inventory!$E$2:$E$381,MATCH($B13,Inventory!$A$2:$A$381,0)),"")) | J13: =IF($B13="","",IF($H13="","Out","Returned"))
C14: =IF($B14="","",IFERROR(INDEX(Inventory!$B$2:$B$381,MATCH($B14,Inventory!$A$2:$A$381,0)),"unknown ID")) | D14: =IF($B14="","",IFERROR(INDEX(Inventory!$E$2:$E$381,MATCH($B14,Inventory!$A$2:$A$381,0)),"")) | J14: =IF($B14="","",IF($H14="","Out","Returned"))
... C501: =IF($B501="","",IFERROR(INDEX(Inventory!$B$2:$B$381,MATCH($B501,Inventory!$A$2:$A$381,0)),"unknown ID")) | D501: =IF($B501="","",IFERROR(INDEX(Inventory!$E$2:$E$381,MATCH($B501,Inventory!$A$2:$A$381,0)),"")) | J501: =IF($B501="","",IF($H501="","Out","Returned"))

Sheet Locations
B2: RACK & BIN MAP
B3: Every storage position in the lab and what it holds.
B5: Location | C5: Items | D5: Low / Out | E5: Available units | F5: Main category
B6: A1 | C6: =COUNTIF(Inventory!$E$2:$E$381,$B6) -> 7 | D6: =COUNTIFS(Inventory!$E$2:$E$381,$B6,Inventory!$J$2:$J$381,"Low stock")+COUNTIFS(Inventory!$E$2:$E$381,$B6,Inventory!$J$2:$J$381,"Out of stock") -> 1 | E6: =SUMIF(Inventory!$E$2:$E$381,$B6,Inventory!$H$2:$H$381) -> 235 | F6: Resistor
B7: A2 | C7: =COUNTIF(Inventory!$E$2:$E$381,$B7) -> 6 | D7: =COUNTIFS(Inventory!$E$2:$E$381,$B7,Inventory!$J$2:$J$381,"Low stock")+COUNTIFS(Inventory!$E$2:$E$381,$B7,Inventory!$J$2:$J$381,"Out of stock") -> 0 | E7: =SUMIF(Inventory!$E$2:$E$381,$B7,Inventory!$H$2:$H$381) -> 215 | F7: Resistor
B8: A3 | C8: =COUNTIF(Inventory!$E$2:$E$381,$B8) -> 7 | D8: =COUNTIFS(Inventory!$E$2:$E$381,$B8,Inventory!$J$2:$J$381,"Low stock")+COUNTIFS(Inventory!$E$2:$E$381,$B8,Inventory!$J$2:$J$381,"Out of stock") -> 2 | E8: =SUMIF(Inventory!$E$2:$E$381,$B8,Inventory!$H$2:$H$381) -> 126 | F8: Potentiometer
B9: A4 | C9: =COUNTIF(Inventory!$E$2:$E$381,$B9) -> 5 | D9: =COUNTIFS(Inventory!$E$2:$E$381,$B9,Inventory!$J$2:$J$381,"Low stock")+COUNTIFS(Inventory!$E$2:$E$381,$B9,Inventory!$J$2:$J$381,"Out of stock") -> 0 | E9: =SUMIF(Inventory!$E$2:$E$381,$B9,Inventory!$H$2:$H$381) -> 46 | F9: Microphone
B10: A5 | C10: =COUNTIF(Inventory!$E$2:$E$381,$B10) -> 13 | D10: =COUNTIFS(Inventory!$E$2:$E$381,$B10,Inventory!$J$2:$J$381,"Low stock")+COUNTIFS(Inventory!$E$2:$E$381,$B10,Inventory!$J$2:$J$381,"Out of stock") -> 3 | E10: =SUMIF(Inventory!$E$2:$E$381,$B10,Inventory!$H$2:$H$381) -> 477 | F10: Capacitor
B11: A6 | C11: =COUNTIF(Inventory!$E$2:$E$381,$B11) -> 11 | D11: =COUNTIFS(Inventory!$E$2:$E$381,$B11,Inventory!$J$2:$J$381,"Low stock")+COUNTIFS(Inventory!$E$2:$E$381,$B11,Inventory!$J$2:$J$381,"Out of stock") -> 2 | E11: =SUMIF(Inventory!$E$2:$E$381,$B11,Inventory!$H$2:$H$381) -> 250 | F11: Capacitor
B12: A7 | C12: =COUNTIF(Inventory!$E$2:$E$381,$B12) -> 5 | D12: =COUNTIFS(Inventory!$E$2:$E$381,$B12,Inventory!$J$2:$J$381,"Low stock")+COUNTIFS(Inventory!$E$2:$E$381,$B12,Inventory!$J$2:$J$381,"Out of stock") -> 0 | E12: =SUMIF(Inventory!$E$2:$E$381,$B12,Inventory!$H$2:$H$381) -> 245 | F12: Resistor
B13: A8 | C13: =COUNTIF(Inventory!$E$2:$E$381,$B13) -> 19 | D13: =COUNTIFS(Inventory!$E$2:$E$381,$B13,Inventory!$J$2:$J$381,"Low stock")+COUNTIFS(Inventory!$E$2:$E$381,$B13,Inventory!$J$2:$J$381,"Out of stock") -> 10 | E13: =SUMIF(Inventory!$E$2:$E$381,$B13,Inventory!$H$2:$H$381) -> 35 | F13: Sensor
B14: A9 | C14: =COUNTIF(Inventory!$E$2:$E$381,$B14) -> 14 | D14: =COUNTIFS(Inventory!$E$2:$E$381,$B14,Inventory!$J$2:$J$381,"Low stock")+COUNTIFS(Inventory!$E$2:$E$381,$B14,Inventory!$J$2:$J$381,"Out of stock") -> 13 | E14: =SUMIF(Inventory!$E$2:$E$381,$B14,Inventory!$H$2:$H$381) -> 15 | F14: Module
B15: ADAPTER BOX | C15: =COUNTIF(Inventory!$E$2:$E$381,$B15) -> 5 | D15: =COUNTIFS(Inventory!$E$2:$E$381,$B15,Inventory!$J$2:$J$381,"Low stock")+COUNTIFS(Inventory!$E$2:$E$381,$B15,Inventory!$J$2:$J$381,"Out of stock") -> 2 | E15: =SUMIF(Inventory!$E$2:$E$381,$B15,Inventory!$H$2:$H$381) -> 21 | F15: Power
B16: ARDUINO CABLE BOX | C16: =COUNTIF(Inventory!$E$2:$E$381,$B16) -> 1 | D16: =COUNTIFS(Inventory!$E$2:$E$381,$B16,Inventory!$J$2:$J$381,"Low stock")+COUNTIFS(Inventory!$E$2:$E$381,$B16,Inventory!$J$2:$J$381,"Out of stock") -> 0 | E16: =SUMIF(Inventory!$E$2:$E$381,$B16,Inventory!$H$2:$H$381) -> 1 | F16: Converter
B17: B1 | C17: =COUNTIF(Inventory!$E$2:$E$381,$B17) -> 5 | D17: =COUNTIFS(Inventory!$E$2:$E$381,$B17,Inventory!$J$2:$J$381,"Low stock")+COUNTIFS(Inventory!$E$2:$E$381,$B17,Inventory!$J$2:$J$381,"Out of stock") -> 0 | E17: =SUMIF(Inventory!$E$2:$E$381,$B17,Inventory!$H$2:$H$381) -> 111 | F17: Battery
... B63: UNASSIGNED | C63: =COUNTIF(Inventory!$E$2:$E$381,$B63) -> 49 | D63: =COUNTIFS(Inventory!$E$2:$E$381,$B63,Inventory!$J$2:$J$381,"Low stock")+COUNTIFS(Inventory!$E$2:$E$381,$B63,Inventory!$J$2:$J$381,"Out of stock") -> 5 | E63: =SUMIF(Inventory!$E$2:$E$381,$B63,Inventory!$H$2:$H$381) -> 210 | F63: Soldering

Sheet Thresholds
B2: LOW-STOCK MINIMUMS BY CATEGORY
B3: Reference values used when the register was imported. To change how one component behaves, edit its Min on the Inventory sheet — that is what the Status formula reads.
B5: Category | C5: Suggested minimum | D5: Items in this category
B6: Antenna | C6: 1 | D6: =COUNTIF(Inventory!$C$2:$C$381,$B6) -> 2
B7: Battery | C7: 2 | D7: =COUNTIF(Inventory!$C$2:$C$381,$B7) -> 10
B8: Buzzer | C8: 1 | D8: =COUNTIF(Inventory!$C$2:$C$381,$B8) -> 1
B9: Cable | C9: 2 | D9: =COUNTIF(Inventory!$C$2:$C$381,$B9) -> 7
B10: Camera | C10: 1 | D10: =COUNTIF(Inventory!$C$2:$C$381,$B10) -> 1
B11: Capacitor | C11: 10 | D11: =COUNTIF(Inventory!$C$2:$C$381,$B11) -> 38
B12: Chassis | C12: 1 | D12: =COUNTIF(Inventory!$C$2:$C$381,$B12) -> 1
B13: Connector | C13: 4 | D13: =COUNTIF(Inventory!$C$2:$C$381,$B13) -> 11
B14: Converter | C14: 1 | D14: =COUNTIF(Inventory!$C$2:$C$381,$B14) -> 3
B15: Diode | C15: 5 | D15: =COUNTIF(Inventory!$C$2:$C$381,$B15) -> 5
B16: Display | C16: 1 | D16: =COUNTIF(Inventory!$C$2:$C$381,$B16) -> 4
B17: Driver | C17: 1 | D17: =COUNTIF(Inventory!$C$2:$C$381,$B17) -> 1
... B48: Wire | C48: 2 | D48: =COUNTIF(Inventory!$C$2:$C$381,$B48) -> 4

Sheet Inventory
A1: ID | B1: Component | C1: Category | D1: SMD | E1: Location | F1: Stock Qty | G1: Issued Out | H1: Available | I1: Min | J1: Status | K1: Last Updated
A2: EC001 | B2: 330 Ω Resistor+ | C2: Resistor | E2: A1 | F2: 10 | G2: =SUMIFS('Issue Log'!$G$2:$G$501,'Issue Log'!$B$2:$B$501,$A2,'Issue Log'!$J$2:$J$501,"Out") -> 0 | H2: =IF($F2="","",$F2-$G2) -> 10 | I2: 10 | J2: =IF($F2="","Not counted",IF($H2<=0,"Out of stock",IF($H2<$I2,"Low stock","In stock"))) -> In stock | K2: Imported 09-Sep-2026 | M2: =IF(Search!$C$4="",0,IF(ISNUMBER(SEARCH(Search!$C$4,$A2&" "&$B2&" "&$C2&" "&$E2)),1,0)) -> 1 | N2: =IF(M2=1,SUM($M$2:M2),"") -> 1 | O2: =IF(OR($J2="Out of stock",$J2="Low stock",$J2="Not counted"),1,0) -> 0 | P2: =IF(O2=1,SUM($O$2:O2),"")
A3: EC002 | B3: 70 Ω Resistor+ | C3: Resistor | E3: A1 | F3: 5 | G3: =SUMIFS('Issue Log'!$G$2:$G$501,'Issue Log'!$B$2:$B$501,$A3,'Issue Log'!$J$2:$J$501,"Out") -> 0 | H3: =IF($F3="","",$F3-$G3) -> 5 | I3: 10 | J3: =IF($F3="","Not counted",IF($H3<=0,"Out of stock",IF($H3<$I3,"Low stock","In stock"))) -> Low stock | K3: Imported 09-Sep-2026 | M3: =IF(Search!$C$4="",0,IF(ISNUMBER(SEARCH(Search!$C$4,$A3&" "&$B3&" "&$C3&" "&$E3)),1,0)) -> 1 | N3: =IF(M3=1,SUM($M$2:M3),"") -> 2 | O3: =IF(OR($J3="Out of stock",$J3="Low stock",$J3="Not counted"),1,0) -> 1 | P3: =IF(O3=1,SUM($O$2:O3),"") -> 1
A4: EC003 | B4: 68 Ω Resistor+ | C4: Resistor | E4: A1 | F4: 150 | G4: =SUMIFS('Issue Log'!$G$2:$G$501,'Issue Log'!$B$2:$B$501,$A4,'Issue Log'!$J$2:$J$501,"Out") -> 0 | H4: =IF($F4="","",$F4-$G4) -> 150 | I4: 10 | J4: =IF($F4="","Not counted",IF($H4<=0,"Out of stock",IF($H4<$I4,"Low stock","In stock"))) -> In stock | K4: Imported 09-Sep-2026 | M4: =IF(Search!$C$4="",0,IF(ISNUMBER(SEARCH(Search!$C$4,$A4&" "&$B4&" "&$C4&" "&$E4)),1,0)) -> 1 | N4: =IF(M4=1,SUM($M$2:M4),"") -> 3 | O4: =IF(OR($J4="Out of stock",$J4="Low stock",$J4="Not counted"),1,0) -> 0 | P4: =IF(O4=1,SUM($O$2:O4),"")
A5: EC004 | B5: 100 Ω Resistor+ | C5: Resistor | E5: A1 | F5: 25 | G5: =SUMIFS('Issue Log'!$G$2:$G$501,'Issue Log'!$B$2:$B$501,$A5,'Issue Log'!$J$2:$J$501,"Out") -> 0 | H5: =IF($F5="","",$F5-$G5) -> 25 | I5: 10 | J5: =IF($F5="","Not counted",IF($H5<=0,"Out of stock",IF($H5<$I5,"Low stock","In stock"))) -> In stock | K5: Imported 09-Sep-2026 | M5: =IF(Search!$C$4="",0,IF(ISNUMBER(SEARCH(Search!$C$4,$A5&" "&$B5&" "&$C5&" "&$E5)),1,0)) -> 1 | N5: =IF(M5=1,SUM($M$2:M5),"") -> 4 | O5: =IF(OR($J5="Out of stock",$J5="Low stock",$J5="Not counted"),1,0) -> 0 | P5: =IF(O5=1,SUM($O$2:O5),"")
A6: EC005 | B6: 5.2 Ω Resistor+ | C6: Resistor | E6: A1 | F6: 20 | G6: =SUMIFS('Issue Log'!$G$2:$G$501,'Issue Log'!$B$2:$B$501,$A6,'Issue Log'!$J$2:$J$501,"Out") -> 0 | H6: =IF($F6="","",$F6-$G6) -> 20 | I6: 10 | J6: =IF($F6="","Not counted",IF($H6<=0,"Out of stock",IF($H6<$I6,"Low stock","In stock"))) -> In stock | K6: Imported 09-Sep-2026 | M6: =IF(Search!$C$4="",0,IF(ISNUMBER(SEARCH(Search!$C$4,$A6&" "&$B6&" "&$C6&" "&$E6)),1,0)) -> 1 | N6: =IF(M6=1,SUM($M$2:M6),"") -> 5 | O6: =IF(OR($J6="Out of stock",$J6="Low stock",$J6="Not counted"),1,0) -> 0 | P6: =IF(O6=1,SUM($O$2:O6),"")
A7: EC006 | B7: 150K Ω Resistor+ | C7: Resistor | E7: A1 | F7: 10 | G7: =SUMIFS('Issue Log'!$G$2:$G$501,'Issue Log'!$B$2:$B$501,$A7,'Issue Log'!$J$2:$J$501,"Out") -> 0 | H7: =IF($F7="","",$F7-$G7) -> 10 | I7: 10 | J7: =IF($F7="","Not counted",IF($H7<=0,"Out of stock",IF($H7<$I7,"Low stock","In stock"))) -> In stock | K7: Imported 09-Sep-2026 | M7: =IF(Search!$C$4="",0,IF(ISNUMBER(SEARCH(Search!$C$4,$A7&" "&$B7&" "&$C7&" "&$E7)),1,0)) -> 1 | N7: =IF(M7=1,SUM($M$2:M7),"") -> 6 | O7: =IF(OR($J7="Out of stock",$J7="Low stock",$J7="Not counted"),1,0) -> 0 | P7: =IF(O7=1,SUM($O$2:O7),"")
A8: EC007 | B8: 15K Ω Resistor+ | C8: Resistor | E8: A1 | F8: 15 | G8: =SUMIFS('Issue Log'!$G$2:$G$501,'Issue Log'!$B$2:$B$501,$A8,'Issue Log'!$J$2:$J$501,"Out") -> 0 | H8: =IF($F8="","",$F8-$G8) -> 15 | I8: 10 | J8: =IF($F8="","Not counted",IF($H8<=0,"Out of stock",IF($H8<$I8,"Low stock","In stock"))) -> In stock | K8: Imported 09-Sep-2026 | M8: =IF(Search!$C$4="",0,IF(ISNUMBER(SEARCH(Search!$C$4,$A8&" "&$B8&" "&$C8&" "&$E8)),1,0)) -> 1 | N8: =IF(M8=1,SUM($M$2:M8),"") -> 7 | O8: =IF(OR($J8="Out of stock",$J8="Low stock",$J8="Not counted"),1,0) -> 0 | P8: =IF(O8=1,SUM($O$2:O8),"")
A9: EC008 | B9: 220 Ω Resistor+ | C9: Resistor | E9: A2 | F9: 50 | G9: =SUMIFS('Issue Log'!$G$2:$G$501,'Issue Log'!$B$2:$B$501,$A9,'Issue Log'!$J$2:$J$501,"Out") -> 0 | H9: =IF($F9="","",$F9-$G9) -> 50 | I9: 10 | J9: =IF($F9="","Not counted",IF($H9<=0,"Out of stock",IF($H9<$I9,"Low stock","In stock"))) -> In stock | K9: Imported 09-Sep-2026 | M9: =IF(Search!$C$4="",0,IF(ISNUMBER(SEARCH(Search!$C$4,$A9&" "&$B9&" "&$C9&" "&$E9)),1,0)) -> 1 | N9: =IF(M9=1,SUM($M$2:M9),"") -> 8 | O9: =IF(OR($J9="Out of stock",$J9="Low stock",$J9="Not counted"),1,0) -> 0 | P9: =IF(O9=1,SUM($O$2:O9),"")
A10: EC009 | B10: 10K Ω Resistor+ | C10: Resistor | E10: A2 | F10: 50 | G10: =SUMIFS('Issue Log'!$G$2:$G$501,'Issue Log'!$B$2:$B$501,$A10,'Issue Log'!$J$2:$J$501,"Out") -> 0 | H10: =IF($F10="","",$F10-$G10) -> 50 | I10: 10 | J10: =IF($F10="","Not counted",IF($H10<=0,"Out of stock",IF($H10<$I10,"Low stock","In stock"))) -> In stock | K10: Imported 09-Sep-2026 | M10: =IF(Search!$C$4="",0,IF(ISNUMBER(SEARCH(Search!$C$4,$A10&" "&$B10&" "&$C10&" "&$E10)),1,0)) -> 1 | N10: =IF(M10=1,SUM($M$2:M10),"") -> 9 | O10: =IF(OR($J10="Out of stock",$J10="Low stock",$J10="Not counted"),1,0) -> 0 | P10: =IF(O10=1,SUM($O$2:O10),"")
A11: EC010 | B11: 330K Ω Resistor+ | C11: Resistor | E11: A2 | F11: 25 | G11: =SUMIFS('Issue Log'!$G$2:$G$501,'Issue Log'!$B$2:$B$501,$A11,'Issue Log'!$J$2:$J$501,"Out") -> 0 | H11: =IF($F11="","",$F11-$G11) -> 25 | I11: 10 | J11: =IF($F11="","Not counted",IF($H11<=0,"Out of stock",IF($H11<$I11,"Low stock","In stock"))) -> In stock | K11: Imported 09-Sep-2026 | M11: =IF(Search!$C$4="",0,IF(ISNUMBER(SEARCH(Search!$C$4,$A11&" "&$B11&" "&$C11&" "&$E11)),1,0)) -> 1 | N11: =IF(M11=1,SUM($M$2:M11),"") -> 10 | O11: =IF(OR($J11="Out of stock",$J11="Low stock",$J11="Not counted"),1,0) -> 0 | P11: =IF(O11=1,SUM($O$2:O11),"")
A12: EC011 | B12: 470 Ω Resistor+ | C12: Resistor | E12: A2 | F12: 10 | G12: =SUMIFS('Issue Log'!$G$2:$G$501,'Issue Log'!$B$2:$B$501,$A12,'Issue Log'!$J$2:$J$501,"Out") -> 0 | H12: =IF($F12="","",$F12-$G12) -> 10 | I12: 10 | J12: =IF($F12="","Not counted",IF($H12<=0,"Out of stock",IF($H12<$I12,"Low stock","In stock"))) -> In stock | K12: Imported 09-Sep-2026 | M12: =IF(Search!$C$4="",0,IF(ISNUMBER(SEARCH(Search!$C$4,$A12&" "&$B12&" "&$C12&" "&$E12)),1,0)) -> 1 | N12: =IF(M12=1,SUM($M$2:M12),"") -> 11 | O12: =IF(OR($J12="Out of stock",$J12="Low stock",$J12="Not counted"),1,0) -> 0 | P12: =IF(O12=1,SUM($O$2:O12),"")
A13: EC012 | B13: 4.7K Ω Resistor+ | C13: Resistor | E13: A2 | F13: 30 | G13: =SUMIFS('Issue Log'!$G$2:$G$501,'Issue Log'!$B$2:$B$501,$A13,'Issue Log'!$J$2:$J$501,"Out") -> 0 | H13: =IF($F13="","",$F13-$G13) -> 30 | I13: 10 | J13: =IF($F13="","Not counted",IF($H13<=0,"Out of stock",IF($H13<$I13,"Low stock","In stock"))) -> In stock | K13: Imported 09-Sep-2026 | M13: =IF(Search!$C$4="",0,IF(ISNUMBER(SEARCH(Search!$C$4,$A13&" "&$B13&" "&$C13&" "&$E13)),1,0)) -> 1 | N13: =IF(M13=1,SUM($M$2:M13),"") -> 12 | O13: =IF(OR($J13="Out of stock",$J13="Low stock",$J13="Not counted"),1,0) -> 0 | P13: =IF(O13=1,SUM($O$2:O13),"")
... A24: EC023 | B24: Adafruit PDM MEMS | C24: Microphone | E24: A4 | F24: 5 | G24: =SUMIFS('Issue Log'!$G$2:$G$501,'Issue Log'!$B$2:$B$501,$A24,'Issue Log'!$J$2:$J$501,"Out") -> 0 | H24: =IF($F24="","",$F24-$G24) -> 5 | I24: 2 | J24: =IF($F24="","Not counted",IF($H24<=0,"Out of stock",IF($H24<$I24,"Low stock","In stock"))) -> In stock | K24: Imported 09-Sep-2026 | M24: =IF(Search!$C$4="",0,IF(ISNUMBER(SEARCH(Search!$C$4,$A24&" "&$B24&" "&$C24&" "&$E24)),1,0)) -> 0 | N24: =IF(M24=1,SUM($M$2:M24),"") | O24: =IF(OR($J24="Out of stock",$J24="Low stock",$J24="Not counted"),1,0) -> 0 | P24: =IF(O24=1,SUM($O$2:O24),"")
A25: EC024 | B25: Microphone and Microphone Module | C25: Microphone | E25: A4 | G25: =SUMIFS('Issue Log'!$G$2:$G$501,'Issue Log'!$B$2:$B$501,$A25,'Issue Log'!$J$2:$J$501,"Out") -> 0 | H25: =IF($F25="","",$F25-$G25) | I25: 2 | J25: =IF($F25="","Not counted",IF($H25<=0,"Out of stock",IF($H25<$I25,"Low stock","In stock"))) -> Not counted | K25: Imported 09-Sep-2026 | M25: =IF(Search!$C$4="",0,IF(ISNUMBER(SEARCH(Search!$C$4,$A25&" "&$B25&" "&$C25&" "&$E25)),1,0)) -> 0 | N25: =IF(M25=1,SUM($M$2:M25),"") | O25: =IF(OR($J25="Out of stock",$J25="Low stock",$J25="Not counted"),1,0) -> 1 | P25: =IF(O25=1,SUM($O$2:O25),"") -> 4
A26: EC025 | B26: Speacker Speacker Module | C26: Speaker | E26: A4 | G26: =SUMIFS('Issue Log'!$G$2:$G$501,'Issue Log'!$B$2:$B$501,$A26,'Issue Log'!$J$2:$J$501,"Out") -> 0 | H26: =IF($F26="","",$F26-$G26) | I26: 1 | J26: =IF($F26="","Not counted",IF($H26<=0,"Out of stock",IF($H26<$I26,"Low stock","In stock"))) -> Not counted | K26: Imported 09-Sep-2026 | M26: =IF(Search!$C$4="",0,IF(ISNUMBER(SEARCH(Search!$C$4,$A26&" "&$B26&" "&$C26&" "&$E26)),1,0)) -> 0 | N26: =IF(M26=1,SUM($M$2:M26),"") | O26: =IF(OR($J26="Out of stock",$J26="Low stock",$J26="Not counted"),1,0) -> 1 | P26: =IF(O26=1,SUM($O$2:O26),"") -> 5
A27: EC026 | B27: 1uf 63V capacitor | C27: Capacitor | E27: A5 | F27: 44 | G27: =SUMIFS('Issue Log'!$G$2:$G$501,'Issue Log'!$B$2:$B$501,$A27,'Issue Log'!$J$2:$J$501,"Out") -> 0 | H27: =IF($F27="","",$F27-$G27) -> 44 | I27: 10 | J27: =IF($F27="","Not counted",IF($H27<=0,"Out of stock",IF($H27<$I27,"Low stock","In stock"))) -> In stock | K27: Imported 09-Sep-2026 | M27: =IF(Search!$C$4="",0,IF(ISNUMBER(SEARCH(Search!$C$4,$A27&" "&$B27&" "&$C27&" "&$E27)),1,0)) -> 0 | N27: =IF(M27=1,SUM($M$2:M27),"") | O27: =IF(OR($J27="Out of stock",$J27="Low stock",$J27="Not counted"),1,0) -> 0 | P27: =IF(O27=1,SUM($O$2:O27),"")
A28: EC027 | B28: 104 Non Polarised Capacitor | C28: Capacitor | E28: A5 | F28: 147 | G28: =SUMIFS('Issue Log'!$G$2:$G$501,'Issue Log'!$B$2:$B$501,$A28,'Issue Log'!$J$2:$J$501,"Out") -> 0 | H28: =IF($F28="","",$F28-$G28) -> 147 | I28: 10 | J28: =IF($F28="","Not counted",IF($H28<=0,"Out of stock",IF($H28<$I28,"Low stock","In stock"))) -> In stock | K28: Imported 09-Sep-2026 | M28: =IF(Search!$C$4="",0,IF(ISNUMBER(SEARCH(Search!$C$4,$A28&" "&$B28&" "&$C28&" "&$E28)),1,0)) -> 0 | N28: =IF(M28=1,SUM($M$2:M28),"") | O28: =IF(OR($J28="Out of stock",$J28="Low stock",$J28="Not counted"),1,0) -> 0 | P28: =IF(O28=1,SUM($O$2:O28),"")
A29: EC028 | B29: 150 Non Polarised Capacitor | C29: Capacitor | E29: A5 | F29: 77 | G29: =SUMIFS('Issue Log'!$G$2:$G$501,'Issue Log'!$B$2:$B$501,$A29,'Issue Log'!$J$2:$J$501,"Out") -> 0 | H29: =IF($F29="","",$F29-$G29) -> 77 | I29: 10 | J29: =IF($F29="","Not counted",IF($H29<=0,"Out of stock",IF($H29<$I29,"Low stock","In stock"))) -> In stock | K29: Imported 09-Sep-2026 | M29: =IF(Search!$C$4="",0,IF(ISNUMBER(SEARCH(Search!$C$4,$A29&" "&$B29&" "&$C29&" "&$E29)),1,0)) -> 0 | N29: =IF(M29=1,SUM($M$2:M29),"") | O29: =IF(OR($J29="Out of stock",$J29="Low stock",$J29="Not counted"),1,0) -> 0 | P29: =IF(O29=1,SUM($O$2:O29),"")
A30: EC029 | B30: 103 Non Polarised Capacitor | C30: Capacitor | E30: A5 | F30: 24 | G30: =SUMIFS('Issue Log'!$G$2:$G$501,'Issue Log'!$B$2:$B$501,$A30,'Issue Log'!$J$2:$J$501,"Out") -> 0 | H30: =IF($F30="","",$F30-$G30) -> 24 | I30: 10 | J30: =IF($F30="","Not counted",IF($H30<=0,"Out of stock",IF($H30<$I30,"Low stock","In stock"))) -> In stock | K30: Imported 09-Sep-2026 | M30: =IF(Search!$C$4="",0,IF(ISNUMBER(SEARCH(Search!$C$4,$A30&" "&$B30&" "&$C30&" "&$E30)),1,0)) -> 0 | N30: =IF(M30=1,SUM($M$2:M30),"") | O30: =IF(OR($J30="Out of stock",$J30="Low stock",$J30="Not counted"),1,0) -> 0 | P30: =IF(O30=1,SUM($O$2:O30),"")
A31: EC030 | B31: 33 Non Polarised Capacitor | C31: Capacitor | E31: A5 | F31: 39 | G31: =SUMIFS('Issue Log'!$G$2:$G$501,'Issue Log'!$B$2:$B$501,$A31,'Issue Log'!$J$2:$J$501,"Out") -> 0 | H31: =IF($F31="","",$F31-$G31) -> 39 | I31: 10 | J31: =IF($F31="","Not counted",IF($H31<=0,"Out of stock",IF($H31<$I31,"Low stock","In stock"))) -> In stock | K31: Imported 09-Sep-2026 | M31: =IF(Search!$C$4="",0,IF(ISNUMBER(SEARCH(Search!$C$4,$A31&" "&$B31&" "&$C31&" "&$E31)),1,0)) -> 0 | N31: =IF(M31=1,SUM($M$2:M31),"") | O31: =IF(OR($J31="Out of stock",$J31="Low stock",$J31="Not counted"),1,0) -> 0 | P31: =IF(O31=1,SUM($O$2:O31),"")
A32: EC031 | B32: 0.1uf 50v Capacitor | C32: Capacitor | E32: A5 | F32: 15 | G32: =SUMIFS('Issue Log'!$G$2:$G$501,'Issue Log'!$B$2:$B$501,$A32,'Issue Log'!$J$2:$J$501,"Out") -> 0 | H32: =IF($F32="","",$F32-$G32) -> 15 | I32: 10 | J32: =IF($F32="","Not counted",IF($H32<=0,"Out of stock",IF($H32<$I32,"Low stock","In stock"))) -> In stock | K32: Imported 09-Sep-2026 | M32: =IF(Search!$C$4="",0,IF(ISNUMBER(SEARCH(Search!$C$4,$A32&" "&$B32&" "&$C32&" "&$E32)),1,0)) -> 0 | N32: =IF(M32=1,SUM($M$2:M32),"") | O32: =IF(OR($J32="Out of stock",$J32="Low stock",$J32="Not counted"),1,0) -> 0 | P32: =IF(O32=1,SUM($O$2:O32),"")
A33: EC032 | B33: 203 Non Polarised Capacitor | C33: Capacitor | E33: A5 | F33: 83 | G33: =SUMIFS('Issue Log'!$G$2:$G$501,'Issue Log'!$B$2:$B$501,$A33,'Issue Log'!$J$2:$J$501,"Out") -> 0 | H33: =IF($F33="","",$F33-$G33) -> 83 | I33: 10 | J33: =IF($F33="","Not counted",IF($H33<=0,"Out of stock",IF($H33<$I33,"Low stock","In stock"))) -> In stock | K33: Imported 09-Sep-2026 | M33: =IF(Search!$C$4="",0,IF(ISNUMBER(SEARCH(Search!$C$4,$A33&" "&$B33&" "&$C33&" "&$E33)),1,0)) -> 0 | N33: =IF(M33=1,SUM($M$2:M33),"") | O33: =IF(OR($J33="Out of stock",$J33="Low stock",$J33="Not counted"),1,0) -> 0 | P33: =IF(O33=1,SUM($O$2:O33),"")
A34: EC033 | B34: 102 Non Polarised Capacitor | C34: Capacitor | E34: A5 | F34: 11 | G34: =SUMIFS('Issue Log'!$G$2:$G$501,'Issue Log'!$B$2:$B$501,$A34,'Issue Log'!$J$2:$J$501,"Out") -> 0 | H34: =IF($F34="","",$F34-$G34) -> 11 | I34: 10 | J34: =IF($F34="","Not counted",IF($H34<=0,"Out of stock",IF($H34<$I34,"Low stock","In stock"))) -> In stock | K34: Imported 09-Sep-2026 | M34: =IF(Search!$C$4="",0,IF(ISNUMBER(SEARCH(Search!$C$4,$A34&" "&$B34&" "&$C34&" "&$E34)),1,0)) -> 0 | N34: =IF(M34=1,SUM($M$2:M34),"") | O34: =IF(OR($J34="Out of stock",$J34="Low stock",$J34="Not counted"),1,0) -> 0 | P34: =IF(O34=1,SUM($O$2:O34),"")
A35: EC034 | B35: 2.7 Non polarised Capacitor | C35: Capacitor | E35: A5 | F35: 6 | G35: =SUMIFS('Issue Log'!$G$2:$G$501,'Issue Log'!$B$2:$B$501,$A35,'Issue Log'!$J$2:$J$501,"Out") -> 0 | H35: =IF($F35="","",$F35-$G35) -> 6 | I35: 10 | J35: =IF($F35="","Not counted",IF($H35<=0,"Out of stock",IF($H35<$I35,"Low stock","In stock"))) -> Low stock | K35: Imported 09-Sep-2026 | M35: =IF(Search!$C$4="",0,IF(ISNUMBER(SEARCH(Search!$C$4,$A35&" "&$B35&" "&$C35&" "&$E35)),1,0)) -> 0 | N35: =IF(M35=1,SUM($M$2:M35),"") | O35: =IF(OR($J35="Out of stock",$J35="Low stock",$J35="Not counted"),1,0) -> 1 | P35: =IF(O35=1,SUM($O$2:O35),"") -> 6
A36: EC035 | B36: 47 Non polarised Capacitor | C36: Capacitor | E36: A5 | F36: 6 | G36: =SUMIFS('Issue Log'!$G$2:$G$501,'Issue Log'!$B$2:$B$501,$A36,'Issue Log'!$J$2:$J$501,"Out") -> 0 | H36: =IF($F36="","",$F36-$G36) -> 6 | I36: 10 | J36: =IF($F36="","Not counted",IF($H36<=0,"Out of stock",IF($H36<$I36,"Low stock","In stock"))) -> Low stock | K36: Imported 09-Sep-2026 | M36: =IF(Search!$C$4="",0,IF(ISNUMBER(SEARCH(Search!$C$4,$A36&" "&$B36&" "&$C36&" "&$E36)),1,0)) -> 0 | N36: =IF(M36=1,SUM($M$2:M36),"") | O36: =IF(OR($J36="Out of stock",$J36="Low stock",$J36="Not counted"),1,0) -> 1 | P36: =IF(O36=1,SUM($O$2:O36),"") -> 7
A37: EC036 | B37: 56 Non Polarised Capacitor | C37: Capacitor | E37: A5 | F37: 8 | G37: =SUMIFS('Issue Log'!$G$2:$G$501,'Issue Log'!$B$2:$B$501,$A37,'Issue Log'!$J$2:$J$501,"Out") -> 0 | H37: =IF($F37="","",$F37-$G37) -> 8 | I37: 10 | J37: =IF($F37="","Not counted",IF($H37<=0,"Out of stock",IF($H37<$I37,"Low stock","In stock"))) -> Low stock | K37: Imported 09-Sep-2026 | M37: =IF(Search!$C$4="",0,IF(ISNUMBER(SEARCH(Search!$C$4,$A37&" "&$B37&" "&$C37&" "&$E37)),1,0)) -> 0 | N37: =IF(M37=1,SUM($M$2:M37),"") | O37: =IF(OR($J37="Out of stock",$J37="Low stock",$J37="Not counted"),1,0) -> 1 | P37: =IF(O37=1,SUM($O$2:O37),"") -> 8
A38: EC037 | B38: 1K 63 Voltage Filter | C38: Filter | E38: A5 | F38: 9 | G38: =SUMIFS('Issue Log'!$G$2:$G$501,'Issue Log'!$B$2:$B$501,$A38,'Issue Log'!$J$2:$J$501,"Out") -> 0 | H38: =IF($F38="","",$F38-$G38) -> 9 | I38: 4 | J38: =IF($F38="","Not counted",IF($H38<=0,"Out of stock",IF($H38<$I38,"Low stock","In stock"))) -> In stock | K38: Imported 09-Sep-2026 | M38: =IF(Search!$C$4="",0,IF(ISNUMBER(SEARCH(Search!$C$4,$A38&" "&$B38&" "&$C38&" "&$E38)),1,0)) -> 0 | N38: =IF(M38=1,SUM($M$2:M38),"") | O38: =IF(OR($J38="Out of stock",$J38="Low stock",$J38="Not counted"),1,0) -> 0 | P38: =IF(O38=1,SUM($O$2:O38),"")
... A101: EC100 | B101: Slide Switch | C101: Switch | E101: C1 | F101: 18 | G101: =SUMIFS('Issue Log'!$G$2:$G$501,'Issue Log'!$B$2:$B$501,$A101,'Issue Log'!$J$2:$J$501,"Out") -> 0 | H101: =IF($F101="","",$F101-$G101) -> 18 | I101: 4 | J101: =IF($F101="","Not counted",IF($H101<=0,"Out of stock",IF($H101<$I101,"Low stock","In stock"))) -> In stock | K101: Imported 09-Sep-2026 | M101: =IF(Search!$C$4="",0,IF(ISNUMBER(SEARCH(Search!$C$4,$A101&" "&$B101&" "&$C101&" "&$E101)),1,0)) -> 0 | N101: =IF(M101=1,SUM($M$2:M101),"") | O101: =IF(OR($J101="Out of stock",$J101="Low stock",$J101="Not counted"),1,0) -> 0 | P101: =IF(O101=1,SUM($O$2:O101),"")
A102: EC101 | B102: Push Switch | C102: Switch | E102: C1 | G102: =SUMIFS('Issue Log'!$G$2:$G$501,'Issue Log'!$B$2:$B$501,$A102,'Issue Log'!$J$2:$J$501,"Out") -> 0 | H102: =IF($F102="","",$F102-$G102) | I102: 4 | J102: =IF($F102="","Not counted",IF($H102<=0,"Out of stock",IF($H102<$I102,"Low stock","In stock"))) -> Not counted | K102: Imported 09-Sep-2026 | M102: =IF(Search!$C$4="",0,IF(ISNUMBER(SEARCH(Search!$C$4,$A102&" "&$B102&" "&$C102&" "&$E102)),1,0)) -> 0 | N102: =IF(M102=1,SUM($M$2:M102),"") | O102: =IF(OR($J102="Out of stock",$J102="Low stock",$J102="Not counted"),1,0) -> 1 | P102: =IF(O102=1,SUM($O$2:O102),"") -> 14
A103: EC102 | B103: 18 Pin IC Base | C103: IC Base | E103: C2 | F103: 51 | G103: =SUMIFS('Issue Log'!$G$2:$G$501,'Issue Log'!$B$2:$B$501,$A103,'Issue Log'!$J$2:$J$501,"Out") -> 0 | H103: =IF($F103="","",$F103-$G103) -> 51 | I103: 5 | J103: =IF($F103="","Not counted",IF($H103<=0,"Out of stock",IF($H103<$I103,"Low stock","In stock"))) -> In stock | K103: Imported 09-Sep-2026 | M103: =IF(Search!$C$4="",0,IF(ISNUMBER(SEARCH(Search!$C$4,$A103&" "&$B103&" "&$C103&" "&$E103)),1,0)) -> 0 | N103: =IF(M103=1,SUM($M$2:M103),"") | O103: =IF(OR($J103="Out of stock",$J103="Low stock",$J103="Not counted"),1,0) -> 0 | P103: =IF(O103=1,SUM($O$2:O103),"")
A104: EC103 | B104: 14 Pin IC Base | C104: IC Base | E104: C2 | F104: 188 | G104: =SUMIFS('Issue Log'!$G$2:$G$501,'Issue Log'!$B$2:$B$501,$A104,'Issue Log'!$J$2:$J$501,"Out") -> 0 | H104: =IF($F104="","",$F104-$G104) -> 188 | I104: 5 | J104: =IF($F104="","Not counted",IF($H104<=0,"Out of stock",IF($H104<$I104,"Low stock","In stock"))) -> In stock | K104: Imported 09-Sep-2026 | M104: =IF(Search!$C$4="",0,IF(ISNUMBER(SEARCH(Search!$C$4,$A104&" "&$B104&" "&$C104&" "&$E104)),1,0)) -> 0 | N104: =IF(M104=1,SUM($M$2:M104),"") | O104: =IF(OR($J104="Out of stock",$J104="Low stock",$J104="Not counted"),1,0) -> 0 | P104: =IF(O104=1,SUM($O$2:O104),"")
A105: EC104 | B105: 20 Pin IC Base | C105: IC Base | E105: C2 | F105: 144 | G105: =SUMIFS('Issue Log'!$G$2:$G$501,'Issue Log'!$B$2:$B$501,$A105,'Issue Log'!$J$2:$J$501,"Out") -> 0 | H105: =IF($F105="","",$F105-$G105) -> 144 | I105: 5 | J105: =IF($F105="","Not counted",IF($H105<=0,"Out of stock",IF($H105<$I105,"Low stock","In stock"))) -> In stock | K105: Imported 09-Sep-2026 | M105: =IF(Search!$C$4="",0,IF(ISNUMBER(SEARCH(Search!$C$4,$A105&" "&$B105&" "&$C105&" "&$E105)),1,0)) -> 0 | N105: =IF(M105=1,SUM($M$2:M105),"") | O105: =IF(OR($J105="Out of stock",$J105="Low stock",$J105="Not counted"),1,0) -> 0 | P105: =IF(O105=1,SUM($O$2:O105),"")
A106: EC105 | B106: 24V Relay | C106: Relay | E106: C3 | F106: 10 | G106: =SUMIFS('Issue Log'!$G$2:$G$501,'Issue Log'!$B$2:$B$501,$A106,'Issue Log'!$J$2:$J$501,"Out") -> 0 | H106: =IF($F106="","",$F106-$G106) -> 10 | I106: 2 | J106: =IF($F106="","Not counted",IF($H106<=0,"Out of stock",IF($H106<$I106,"Low stock","In stock"))) -> In stock | K106: Imported 09-Sep-2026 | M106: =IF(Search!$C$4="",0,IF(ISNUMBER(SEARCH(Search!$C$4,$A106&" "&$B106&" "&$C106&" "&$E106)),1,0)) -> 0 | N106: =IF(M106=1,SUM($M$2:M106),"") | O106: =IF(OR($J106="Out of stock",$J106="Low stock",$J106="Not counted"),1,0) -> 0 | P106: =IF(O106=1,SUM($O$2:O106),"")
A107: EC106 | B107: 5V Realy | C107: Relay | E107: C3 | F107: 20 | G107: =SUMIFS('Issue Log'!$G$2:$G$501,'Issue Log'!$B$2:$B$501,$A107,'Issue Log'!$J$2:$J$501,"Out") -> 0 | H107: =IF($F107="","",$F107-$G107) -> 20 | I107: 2 | J107: =IF($F107="","Not counted",IF($H107<=0,"Out of stock",IF($H107<$I107,"Low stock","In stock"))) -> In stock | K107: Imported 09-Sep-2026 | M107: =IF(Search!$C$4="",0,IF(ISNUMBER(SEARCH(Search!$C$4,$A107&" "&$B107&" "&$C107&" "&$E107)),1,0)) -> 0 | N107: =IF(M107=1,SUM($M$2:M107),"") | O107: =IF(OR($J107="Out of stock",$J107="Low stock",$J107="Not counted"),1,0) -> 0 | P107: =IF(O107=1,SUM($O$2:O107),"")
A108: EC107 | B108: L298N Module | C108: Module | E108: C3 | F108: 5 | G108: =SUMIFS('Issue Log'!$G$2:$G$501,'Issue Log'!$B$2:$B$501,$A108,'Issue Log'!$J$2:$J$501,"Out") -> 0 | H108: =IF($F108="","",$F108-$G108) -> 5 | I108: 2 | J108: =IF($F108="","Not counted",IF($H108<=0,"Out of stock",IF($H108<$I108,"Low stock","In stock"))) -> In stock | K108: Imported 09-Sep-2026 | M108: =IF(Search!$C$4="",0,IF(ISNUMBER(SEARCH(Search!$C$4,$A108&" "&$B108&" "&$C108&" "&$E108)),1,0)) -> 0 | N108: =IF(M108=1,SUM($M$2:M108),"") | O108: =IF(OR($J108="Out of stock",$J108="Low stock",$J108="Not counted"),1,0) -> 0 | P108: =IF(O108=1,SUM($O$2:O108),"")
A109: EC108 | B109: 28 Pin IC Base | C109: IC Base | E109: C4 | F109: 6 | G109: =SUMIFS('Issue Log'!$G$2:$G$501,'Issue Log'!$B$2:$B$501,$A109,'Issue Log'!$J$2:$J$501,"Out") -> 0 | H109: =IF($F109="","",$F109-$G109) -> 6 | I109: 5 | J109: =IF($F109="","Not counted",IF($H109<=0,"Out of stock",IF($H109<$I109,"Low stock","In stock"))) -> In stock | K109: Imported 09-Sep-2026 | M109: =IF(Search!$C$4="",0,IF(ISNUMBER(SEARCH(Search!$C$4,$A109&" "&$B109&" "&$C109&" "&$E109)),1,0)) -> 0 | N109: =IF(M109=1,SUM($M$2:M109),"") | O109: =IF(OR($J109="Out of stock",$J109="Low stock",$J109="Not counted"),1,0) -> 0 | P109: =IF(O109=1,SUM($O$2:O109),"")
A110: EC109 | B110: 40 Pin ZIF Socket | C110: IC Base | E110: C4 | F110: 3 | G110: =SUMIFS('Issue Log'!$G$2:$G$501,'Issue Log'!$B$2:$B$501,$A110,'Issue Log'!$J$2:$J$501,"Out") -> 0 | H110: =IF($F110="","",$F110-$G110) -> 3 | I110: 5 | J110: =IF($F110="","Not counted",IF($H110<=0,"Out of stock",IF($H110<$I110,"Low stock","In stock"))) -> Low stock | K110: Imported 09-Sep-2026 | M110: =IF(Search!$C$4="",0,IF(ISNUMBER(SEARCH(Search!$C$4,$A110&" "&$B110&" "&$C110&" "&$E110)),1,0)) -> 0 | N110: =IF(M110=1,SUM($M$2:M110),"") | O110: =IF(OR($J110="Out of stock",$J110="Low stock",$J110="Not counted"),1,0) -> 1 | P110: =IF(O110=1,SUM($O$2:O110),"") -> 15
A111: EC110 | B111: 28 Pin ZIF Socket | C111: IC Base | E111: C4 | F111: 13 | G111: =SUMIFS('Issue Log'!$G$2:$G$501,'Issue Log'!$B$2:$B$501,$A111,'Issue Log'!$J$2:$J$501,"Out") -> 0 | H111: =IF($F111="","",$F111-$G111) -> 13 | I111: 5 | J111: =IF($F111="","Not counted",IF($H111<=0,"Out of stock",IF($H111<$I111,"Low stock","In stock"))) -> In stock | K111: Imported 09-Sep-2026 | M111: =IF(Search!$C$4="",0,IF(ISNUMBER(SEARCH(Search!$C$4,$A111&" "&$B111&" "&$C111&" "&$E111)),1,0)) -> 0 | N111: =IF(M111=1,SUM($M$2:M111),"") | O111: =IF(OR($J111="Out of stock",$J111="Low stock",$J111="Not counted"),1,0) -> 0 | P111: =IF(O111=1,SUM($O$2:O111),"")
A112: EC111 | B112: NEO 6M GPS Module | C112: Module | E112: UNASSIGNED | F112: 15 | G112: =SUMIFS('Issue Log'!$G$2:$G$501,'Issue Log'!$B$2:$B$501,$A112,'Issue Log'!$J$2:$J$501,"Out") -> 0 | H112: =IF($F112="","",$F112-$G112) -> 15 | I112: 2 | J112: =IF($F112="","Not counted",IF($H112<=0,"Out of stock",IF($H112<$I112,"Low stock","In stock"))) -> In stock | K112: Imported 09-Sep-2026 | M112: =IF(Search!$C$4="",0,IF(ISNUMBER(SEARCH(Search!$C$4,$A112&" "&$B112&" "&$C112&" "&$E112)),1,0)) -> 0 | N112: =IF(M112=1,SUM($M$2:M112),"") | O112: =IF(OR($J112="Out of stock",$J112="Low stock",$J112="Not counted"),1,0) -> 0 | P112: =IF(O112=1,SUM($O$2:O112),"")
A113: EC112 | B113: SIM800L GPRS GSM Module | C113: Module | E113: C5 | F113: 10 | G113: =SUMIFS('Issue Log'!$G$2:$G$501,'Issue Log'!$B$2:$B$501,$A113,'Issue Log'!$J$2:$J$501,"Out") -> 0 | H113: =IF($F113="","",$F113-$G113) -> 10 | I113: 2 | J113: =IF($F113="","Not counted",IF($H113<=0,"Out of stock",IF($H113<$I113,"Low stock","In stock"))) -> In stock | K113: Imported 09-Sep-2026 | M113: =IF(Search!$C$4="",0,IF(ISNUMBER(SEARCH(Search!$C$4,$A113&" "&$B113&" "&$C113&" "&$E113)),1,0)) -> 0 | N113: =IF(M113=1,SUM($M$2:M113),"") | O113: =IF(OR($J113="Out of stock",$J113="Low stock",$J113="Not counted"),1,0) -> 0 | P113: =IF(O113=1,SUM($O$2:O113),"")
A114: EC113 | B114: NEO6M GPS Antenna | C114: Antenna | E114: C5 | F114: 6 | G114: =SUMIFS('Issue Log'!$G$2:$G$501,'Issue Log'!$B$2:$B$501,$A114,'Issue Log'!$J$2:$J$501,"Out") -> 0 | H114: =IF($F114="","",$F114-$G114) -> 6 | I114: 1 | J114: =IF($F114="","Not counted",IF($H114<=0,"Out of stock",IF($H114<$I114,"Low stock","In stock"))) -> In stock | K114: Imported 09-Sep-2026 | M114: =IF(Search!$C$4="",0,IF(ISNUMBER(SEARCH(Search!$C$4,$A114&" "&$B114&" "&$C114&" "&$E114)),1,0)) -> 0 | N114: =IF(M114=1,SUM($M$2:M114),"") | O114: =IF(OR($J114="Out of stock",$J114="Low stock",$J114="Not counted"),1,0) -> 0 | P114: =IF(O114=1,SUM($O$2:O114),"")
A115: EC114 | B115: IRF 420 Mosfet Module | C115: Module | E115: C5 | F115: 1 | G115: =SUMIFS('Issue Log'!$G$2:$G$501,'Issue Log'!$B$2:$B$501,$A115,'Issue Log'!$J$2:$J$501,"Out") -> 0 | H115: =IF($F115="","",$F115-$G115) -> 1 | I115: 2 | J115: =IF($F115="","Not counted",IF($H115<=0,"Out of stock",IF($H115<$I115,"Low stock","In stock"))) -> Low stock | K115: Imported 09-Sep-2026 | M115: =IF(Search!$C$4="",0,IF(ISNUMBER(SEARCH(Search!$C$4,$A115&" "&$B115&" "&$C115&" "&$E115)),1,0)) -> 0 | N115: =IF(M115=1,SUM($M$2:M115),"") | O115: =IF(OR($J115="Out of stock",$J115="Low stock",$J115="Not counted"),1,0) -> 1 | P115: =IF(O115=1,SUM($O$2:O115),"") -> 16
A116: EC115 | B116: Normal Screw Bolt | C116: Hardware | E116: C6 | G116: =SUMIFS('Issue Log'!$G$2:$G$501,'Issue Log'!$B$2:$B$501,$A116,'Issue Log'!$J$2:$J$501,"Out") -> 0 | H116: =IF($F116="","",$F116-$G116) | I116: 5 | J116: =IF($F116="","Not counted",IF($H116<=0,"Out of stock",IF($H116<$I116,"Low stock","In stock"))) -> Not counted | K116: Imported 09-Sep-2026 | M116: =IF(Search!$C$4="",0,IF(ISNUMBER(SEARCH(Search!$C$4,$A116&" "&$B116&" "&$C116&" "&$E116)),1,0)) -> 0 | N116: =IF(M116=1,SUM($M$2:M116),"") | O116: =IF(OR($J116="Out of stock",$J116="Low stock",$J116="Not counted"),1,0) -> 1 | P116: =IF(O116=1,SUM($O$2:O116),"") -> 17
A117: EC116 | B117: SMD Screw and Bolt | C117: Hardware | E117: C7 | G117: =SUMIFS('Issue Log'!$G$2:$G$501,'Issue Log'!$B$2:$B$501,$A117,'Issue Log'!$J$2:$J$501,"Out") -> 0 | H117: =IF($F117="","",$F117-$G117) | I117: 5 | J117: =IF($F117="","Not counted",IF($H117<=0,"Out of stock",IF($H117<$I117,"Low stock","In stock"))) -> Not counted | K117: Imported 09-Sep-2026 | M117: =IF(Search!$C$4="",0,IF(ISNUMBER(SEARCH(Search!$C$4,$A117&" "&$B117&" "&$C117&" "&$E117)),1,0)) -> 0 | N117: =IF(M117=1,SUM($M$2:M117),"") | O117: =IF(OR($J117="Out of stock",$J117="Low stock",$J117="Not counted"),1,0) -> 1 | P117: =IF(O117=1,SUM($O$2:O117),"") -> 18
A118: EC117 | B118: Heat Sink | C118: Heat Sink | E118: C8 | F118: 5 | G118: =SUMIFS('Issue Log'!$G$2:$G$501,'Issue Log'!$B$2:$B$501,$A118,'Issue Log'!$J$2:$J$501,"Out") -> 0 | H118: =IF($F118="","",$F118-$G118) -> 5 | I118: 4 | J118: =IF($F118="","Not counted",IF($H118<=0,"Out of stock",IF($H118<$I118,"Low stock","In stock"))) -> In stock | K118: Imported 09-Sep-2026 | M118: =IF(Search!$C$4="",0,IF(ISNUMBER(SEARCH(Search!$C$4,$A118&" "&$B118&" "&$C118&" "&$E118)),1,0)) -> 0 | N118: =IF(M118=1,SUM($M$2:M118),"") | O118: =IF(OR($J118="Out of stock",$J118="Low stock",$J118="Not counted"),1,0) -> 0 | P118: =IF(O118=1,SUM($O$2:O118),"")
A119: EC118 | B119: 8 Pin IC Base | C119: IC Base | E119: C8 | F119: 25 | G119: =SUMIFS('Issue Log'!$G$2:$G$501,'Issue Log'!$B$2:$B$501,$A119,'Issue Log'!$J$2:$J$501,"Out") -> 0 | H119: =IF($F119="","",$F119-$G119) -> 25 | I119: 5 | J119: =IF($F119="","Not counted",IF($H119<=0,"Out of stock",IF($H119<$I119,"Low stock","In stock"))) -> In stock | K119: Imported 09-Sep-2026 | M119: =IF(Search!$C$4="",0,IF(ISNUMBER(SEARCH(Search!$C$4,$A119&" "&$B119&" "&$C119&" "&$E119)),1,0)) -> 0 | N119: =IF(M119=1,SUM($M$2:M119),"") | O119: =IF(OR($J119="Out of stock",$J119="Low stock",$J119="Not counted"),1,0) -> 0 | P119: =IF(O119=1,SUM($O$2:O119),"")
A120: EC119 | B120: 16 Pin IC Base | C120: IC Base | E120: C8 | F120: 98 | G120: =SUMIFS('Issue Log'!$G$2:$G$501,'Issue Log'!$B$2:$B$501,$A120,'Issue Log'!$J$2:$J$501,"Out") -> 0 | H120: =IF($F120="","",$F120-$G120) -> 98 | I120: 5 | J120: =IF($F120="","Not counted",IF($H120<=0,"Out of stock",IF($H120<$I120,"Low stock","In stock"))) -> In stock | K120: Imported 09-Sep-2026 | M120: =IF(Search!$C$4="",0,IF(ISNUMBER(SEARCH(Search!$C$4,$A120&" "&$B120&" "&$C120&" "&$E120)),1,0)) -> 0 | N120: =IF(M120=1,SUM($M$2:M120),"") | O120: =IF(OR($J120="Out of stock",$J120="Low stock",$J120="Not counted"),1,0) -> 0 | P120: =IF(O120=1,SUM($O$2:O120),"")
A121: EC120 | B121: A 103 J Resister Network | C121: Resistor | E121: C8 | F121: 154 | G121: =SUMIFS('Issue Log'!$G$2:$G$501,'Issue Log'!$B$2:$B$501,$A121,'Issue Log'!$J$2:$J$501,"Out") -> 0 | H121: =IF($F121="","",$F121-$G121) -> 154 | I121: 10 | J121: =IF($F121="","Not counted",IF($H121<=0,"Out of stock",IF($H121<$I121,"Low stock","In stock"))) -> In stock | K121: Imported 09-Sep-2026 | M121: =IF(Search!$C$4="",0,IF(ISNUMBER(SEARCH(Search!$C$4,$A121&" "&$B121&" "&$C121&" "&$E121)),1,0)) -> 1 | N121: =IF(M121=1,SUM($M$2:M121),"") -> 20 | O121: =IF(OR($J121="Out of stock",$J121="Low stock",$J121="Not counted"),1,0) -> 0 | P121: =IF(O121=1,SUM($O$2:O121),"")
A122: EC121 | B122: Zener Diode | C122: Diode | E122: C8 | G122: =SUMIFS('Issue Log'!$G$2:$G$501,'Issue Log'!$B$2:$B$501,$A122,'Issue Log'!$J$2:$J$501,"Out") -> 0 | H122: =IF($F122="","",$F122-$G122) | I122: 5 | J122: =IF($F122="","Not counted",IF($H122<=0,"Out of stock",IF($H122<$I122,"Low stock","In stock"))) -> Not counted | K122: Imported 09-Sep-2026 | M122: =IF(Search!$C$4="",0,IF(ISNUMBER(SEARCH(Search!$C$4,$A122&" "&$B122&" "&$C122&" "&$E122)),1,0)) -> 0 | N122: =IF(M122=1,SUM($M$2:M122),"") | O122: =IF(OR($J122="Out of stock",$J122="Low stock",$J122="Not counted"),1,0) -> 1 | P122: =IF(O122=1,SUM($O$2:O122),"") -> 19
A123: EC122 | B123: NE 555 P | C123: IC | E123: D1 | F123: 32 | G123: =SUMIFS('Issue Log'!$G$2:$G$501,'Issue Log'!$B$2:$B$501,$A123,'Issue Log'!$J$2:$J$501,"Out") -> 0 | H123: =IF($F123="","",$F123-$G123) -> 32 | I123: 4 | J123: =IF($F123="","Not counted",IF($H123<=0,"Out of stock",IF($H123<$I123,"Low stock","In stock"))) -> In stock | K123: Imported 09-Sep-2026 | M123: =IF(Search!$C$4="",0,IF(ISNUMBER(SEARCH(Search!$C$4,$A123&" "&$B123&" "&$C123&" "&$E123)),1,0)) -> 0 | N123: =IF(M123=1,SUM($M$2:M123),"") | O123: =IF(OR($J123="Out of stock",$J123="Low stock",$J123="Not counted"),1,0) -> 0 | P123: =IF(O123=1,SUM($O$2:O123),"")
A124: EC123 | B124: MT 8870 DE | C124: IC | E124: D1 | F124: 4 | G124: =SUMIFS('Issue Log'!$G$2:$G$501,'Issue Log'!$B$2:$B$501,$A124,'Issue Log'!$J$2:$J$501,"Out") -> 0 | H124: =IF($F124="","",$F124-$G124) -> 4 | I124: 4 | J124: =IF($F124="","Not counted",IF($H124<=0,"Out of stock",IF($H124<$I124,"Low stock","In stock"))) -> In stock | K124: Imported 09-Sep-2026 | M124: =IF(Search!$C$4="",0,IF(ISNUMBER(SEARCH(Search!$C$4,$A124&" "&$B124&" "&$C124&" "&$E124)),1,0)) -> 0 | N124: =IF(M124=1,SUM($M$2:M124),"") | O124: =IF(OR($J124="Out of stock",$J124="Low stock",$J124="Not counted"),1,0) -> 0 | P124: =IF(O124=1,SUM($O$2:O124),"")
A125: EC124 | B125: HT 9170 B | C125: IC | E125: D1 | F125: 19 | G125: =SUMIFS('Issue Log'!$G$2:$G$501,'Issue Log'!$B$2:$B$501,$A125,'Issue Log'!$J$2:$J$501,"Out") -> 0 | H125: =IF($F125="","",$F125-$G125) -> 19 | I125: 4 | J125: =IF($F125="","Not counted",IF($H125<=0,"Out of stock",IF($H125<$I125,"Low stock","In stock"))) -> In stock | K125: Imported 09-Sep-2026 | M125: =IF(Search!$C$4="",0,IF(ISNUMBER(SEARCH(Search!$C$4,$A125&" "&$B125&" "&$C125&" "&$E125)),1,0)) -> 0 | N125: =IF(M125=1,SUM($M$2:M125),"") | O125: =IF(OR($J125="Out of stock",$J125="Low stock",$J125="Not counted"),1,0) -> 0 | P125: =IF(O125=1,SUM($O$2:O125),"")
A126: EC125 | B126: ULN2003APG | C126: IC | E126: D1 | F126: 36 | G126: =SUMIFS('Issue Log'!$G$2:$G$501,'Issue Log'!$B$2:$B$501,$A126,'Issue Log'!$J$2:$J$501,"Out") -> 0 | H126: =IF($F126="","",$F126-$G126) -> 36 | I126: 4 | J126: =IF($F126="","Not counted",IF($H126<=0,"Out of stock",IF($H126<$I126,"Low stock","In stock"))) -> In stock | K126: Imported 09-Sep-2026 | M126: =IF(Search!$C$4="",0,IF(ISNUMBER(SEARCH(Search!$C$4,$A126&" "&$B126&" "&$C126&" "&$E126)),1,0)) -> 0 | N126: =IF(M126=1,SUM($M$2:M126),"") | O126: =IF(OR($J126="Out of stock",$J126="Low stock",$J126="Not counted"),1,0) -> 0 | P126: =IF(O126=1,SUM($O$2:O126),"")
A127: EC126 | B127: ULN2803APG | C127: IC | E127: D1 | F127: 25 | G127: =SUMIFS('Issue Log'!$G$2:$G$501,'Issue Log'!$B$2:$B$501,$A127,'Issue Log'!$J$2:$J$501,"Out") -> 0 | H127: =IF($F127="","",$F127-$G127) -> 25 | I127: 4 | J127: =IF($F127="","Not counted",IF($H127<=0,"Out of stock",IF($H127<$I127,"Low stock","In stock"))) -> In stock | K127: Imported 09-Sep-2026 | M127: =IF(Search!$C$4="",0,IF(ISNUMBER(SEARCH(Search!$C$4,$A127&" "&$B127&" "&$C127&" "&$E127)),1,0)) -> 0 | N127: =IF(M127=1,SUM($M$2:M127),"") | O127: =IF(OR($J127="Out of stock",$J127="Low stock",$J127="Not counted"),1,0) -> 0 | P127: =IF(O127=1,SUM($O$2:O127),"")
A128: EC127 | B128: HD74LS02P | C128: IC | E128: D1 | F128: 22 | G128: =SUMIFS('Issue Log'!$G$2:$G$501,'Issue Log'!$B$2:$B$501,$A128,'Issue Log'!$J$2:$J$501,"Out") -> 0 | H128: =IF($F128="","",$F128-$G128) -> 22 | I128: 4 | J128: =IF($F128="","Not counted",IF($H128<=0,"Out of stock",IF($H128<$I128,"Low stock","In stock"))) -> In stock | K128: Imported 09-Sep-2026 | M128: =IF(Search!$C$4="",0,IF(ISNUMBER(SEARCH(Search!$C$4,$A128&" "&$B128&" "&$C128&" "&$E128)),1,0)) -> 0 | N128: =IF(M128=1,SUM($M$2:M128),"") | O128: =IF(OR($J128="Out of stock",$J128="Low stock",$J128="Not counted"),1,0) -> 0 | P128: =IF(O128=1,SUM($O$2:O128),"")
A129: EC128 | B129: SN74HC595N | C129: IC | E129: D1 | F129: 32 | G129: =SUMIFS('Issue Log'!$G$2:$G$501,'Issue Log'!$B$2:$B$501,$A129,'Issue Log'!$J$2:$J$501,"Out") -> 0 | H129: =IF($F129="","",$F129-$G129) -> 32 | I129: 4 | J129: =IF($F129="","Not counted",IF($H129<=0,"Out of stock",IF($H129<$I129,"Low stock","In stock"))) -> In stock | K129: Imported 09-Sep-2026 | M129: =IF(Search!$C$4="",0,IF(ISNUMBER(SEARCH(Search!$C$4,$A129&" "&$B129&" "&$C129&" "&$E129)),1,0)) -> 0 | N129: =IF(M129=1,SUM($M$2:M129),"") | O129: =IF(OR($J129="Out of stock",$J129="Low stock",$J129="Not counted"),1,0) -> 0 | P129: =IF(O129=1,SUM($O$2:O129),"")
A130: EC129 | B130: LM324N | C130: IC | E130: D1 | F130: 56 | G130: =SUMIFS('Issue Log'!$G$2:$G$501,'Issue Log'!$B$2:$B$501,$A130,'Issue Log'!$J$2:$J$501,"Out") -> 0 | H130: =IF($F130="","",$F130-$G130) -> 56 | I130: 4 | J130: =IF($F130="","Not counted",IF($H130<=0,"Out of stock",IF($H130<$I130,"Low stock","In stock"))) -> In stock | K130: Imported 09-Sep-2026 | M130: =IF(Search!$C$4="",0,IF(ISNUMBER(SEARCH(Search!$C$4,$A130&" "&$B130&" "&$C130&" "&$E130)),1,0)) -> 0 | N130: =IF(M130=1,SUM($M$2:M130),"") | O130: =IF(OR($J130="Out of stock",$J130="Low stock",$J130="Not counted"),1,0) -> 0 | P130: =IF(O130=1,SUM($O$2:O130),"")
A131: EC130 | B131: LM386 | C131: IC | E131: D1 | F131: 4 | G131: =SUMIFS('Issue Log'!$G$2:$G$501,'Issue Log'!$B$2:$B$501,$A131,'Issue Log'!$J$2:$J$501,"Out") -> 0 | H131: =IF($F131="","",$F131-$G131) -> 4 | I131: 4 | J131: =IF($F131="","Not counted",IF($H131<=0,"Out of stock",IF($H131<$I131,"Low stock","In stock"))) -> In stock | K131: Imported 09-Sep-2026 | M131: =IF(Search!$C$4="",0,IF(ISNUMBER(SEARCH(Search!$C$4,$A131&" "&$B131&" "&$C131&" "&$E131)),1,0)) -> 0 | N131: =IF(M131=1,SUM($M$2:M131),"") | O131: =IF(OR($J131="Out of stock",$J131="Low stock",$J131="Not counted"),1,0) -> 0 | P131: =IF(O131=1,SUM($O$2:O131),"")
A132: EC131 | B132: LM358N | C132: IC | E132: D1 | F132: 17 | G132: =SUMIFS('Issue Log'!$G$2:$G$501,'Issue Log'!$B$2:$B$501,$A132,'Issue Log'!$J$2:$J$501,"Out") -> 0 | H132: =IF($F132="","",$F132-$G132) -> 17 | I132: 4 | J132: =IF($F132="","Not counted",IF($H132<=0,"Out of stock",IF($H132<$I132,"Low stock","In stock"))) -> In stock | K132: Imported 09-Sep-2026 | M132: =IF(Search!$C$4="",0,IF(ISNUMBER(SEARCH(Search!$C$4,$A132&" "&$B132&" "&$C132&" "&$E132)),1,0)) -> 0 | N132: =IF(M132=1,SUM($M$2:M132),"") | O132: =IF(OR($J132="Out of stock",$J132="Low stock",$J132="Not counted"),1,0) -> 0 | P132: =IF(O132=1,SUM($O$2:O132),"")
A133: EC132 | B133: MOC3021 | C133: IC | E133: D2 | F133: 7 | G133: =SUMIFS('Issue Log'!$G$2:$G$501,'Issue Log'!$B$2:$B$501,$A133,'Issue Log'!$J$2:$J$501,"Out") -> 0 | H133: =IF($F133="","",$F133-$G133) -> 7 | I133: 4 | J133: =IF($F133="","Not counted",IF($H133<=0,"Out of stock",IF($H133<$I133,"Low stock","In stock"))) -> In stock | K133: Imported 09-Sep-2026 | M133: =IF(Search!$C$4="",0,IF(ISNUMBER(SEARCH(Search!$C$4,$A133&" "&$B133&" "&$C133&" "&$E133)),1,0)) -> 0 | N133: =IF(M133=1,SUM($M$2:M133),"") | O133: =IF(OR($J133="Out of stock",$J133="Low stock",$J133="Not counted"),1,0) -> 0 | P133: =IF(O133=1,SUM($O$2:O133),"")
A134: EC133 | B134: 4N35 | C134: IC | E134: D2 | F134: 19 | G134: =SUMIFS('Issue Log'!$G$2:$G$501,'Issue Log'!$B$2:$B$501,$A134,'Issue Log'!$J$2:$J$501,"Out") -> 0 | H134: =IF($F134="","",$F134-$G134) -> 19 | I134: 4 | J134: =IF($F134="","Not counted",IF($H134<=0,"Out of stock",IF($H134<$I134,"Low stock","In stock"))) -> In stock | K134: Imported 09-Sep-2026 | M134: =IF(Search!$C$4="",0,IF(ISNUMBER(SEARCH(Search!$C$4,$A134&" "&$B134&" "&$C134&" "&$E134)),1,0)) -> 0 | N134: =IF(M134=1,SUM($M$2:M134),"") | O134: =IF(OR($J134="Out of stock",$J134="Low stock",$J134="Not counted"),1,0) -> 0 | P134: =IF(O134=1,SUM($O$2:O134),"")
... A179: EC178 | B179: CS9370 | C179: IC | E179: D7 | F179: 4 | G179: =SUMIFS('Issue Log'!$G$2:$G$501,'Issue Log'!$B$2:$B$501,$A179,'Issue Log'!$J$2:$J$501,"Out") -> 0 | H179: =IF($F179="","",$F179-$G179) -> 4 | I179: 4 | J179: =IF($F179="","Not counted",IF($H179<=0,"Out of stock",IF($H179<$I179,"Low stock","In stock"))) -> In stock | K179: Imported 09-Sep-2026 | M179: =IF(Search!$C$4="",0,IF(ISNUMBER(SEARCH(Search!$C$4,$A179&" "&$B179&" "&$C179&" "&$E179)),1,0)) -> 0 | N179: =IF(M179=1,SUM($M$2:M179),"") | O179: =IF(OR($J179="Out of stock",$J179="Low stock",$J179="Not counted"),1,0) -> 0 | P179: =IF(O179=1,SUM($O$2:O179),"")
A180: EC179 | B180: 3.5 MM jack | C180: Connector | E180: E1 | G180: =SUMIFS('Issue Log'!$G$2:$G$501,'Issue Log'!$B$2:$B$501,$A180,'Issue Log'!$J$2:$J$501,"Out") -> 0 | H180: =IF($F180="","",$F180-$G180) | I180: 4 | J180: =IF($F180="","Not counted",IF($H180<=0,"Out of stock",IF($H180<$I180,"Low stock","In stock"))) -> Not counted | K180: Imported 09-Sep-2026 | M180: =IF(Search!$C$4="",0,IF(ISNUMBER(SEARCH(Search!$C$4,$A180&" "&$B180&" "&$C180&" "&$E180)),1,0)) -> 0 | N180: =IF(M180=1,SUM($M$2:M180),"") | O180: =IF(OR($J180="Out of stock",$J180="Low stock",$J180="Not counted"),1,0) -> 1 | P180: =IF(O180=1,SUM($O$2:O180),"") -> 36
A181: EC180 | B181: PSoC 4 CY8C | C181: MCU / Dev Board | E181: E2 | F181: 5 | G181: =SUMIFS('Issue Log'!$G$2:$G$501,'Issue Log'!$B$2:$B$501,$A181,'Issue Log'!$J$2:$J$501,"Out") -> 0 | H181: =IF($F181="","",$F181-$G181) -> 5 | I181: 1 | J181: =IF($F181="","Not counted",IF($H181<=0,"Out of stock",IF($H181<$I181,"Low stock","In stock"))) -> In stock | K181: Imported 09-Sep-2026 | M181: =IF(Search!$C$4="",0,IF(ISNUMBER(SEARCH(Search!$C$4,$A181&" "&$B181&" "&$C181&" "&$E181)),1,0)) -> 0 | N181: =IF(M181=1,SUM($M$2:M181),"") | O181: =IF(OR($J181="Out of stock",$J181="Low stock",$J181="Not counted"),1,0) -> 0 | P181: =IF(O181=1,SUM($O$2:O181),"")
A182: EC181 | B182: Arduino Mega | C182: MCU / Dev Board | E182: E2 | F182: 1 | G182: =SUMIFS('Issue Log'!$G$2:$G$501,'Issue Log'!$B$2:$B$501,$A182,'Issue Log'!$J$2:$J$501,"Out") -> 0 | H182: =IF($F182="","",$F182-$G182) -> 1 | I182: 1 | J182: =IF($F182="","Not counted",IF($H182<=0,"Out of stock",IF($H182<$I182,"Low stock","In stock"))) -> In stock | K182: Imported 09-Sep-2026 | M182: =IF(Search!$C$4="",0,IF(ISNUMBER(SEARCH(Search!$C$4,$A182&" "&$B182&" "&$C182&" "&$E182)),1,0)) -> 0 | N182: =IF(M182=1,SUM($M$2:M182),"") | O182: =IF(OR($J182="Out of stock",$J182="Low stock",$J182="Not counted"),1,0) -> 0 | P182: =IF(O182=1,SUM($O$2:O182),"")
A183: EC182 | B183: Arduino UNO | C183: MCU / Dev Board | E183: E2 | F183: 5 | G183: =SUMIFS('Issue Log'!$G$2:$G$501,'Issue Log'!$B$2:$B$501,$A183,'Issue Log'!$J$2:$J$501,"Out") -> 0 | H183: =IF($F183="","",$F183-$G183) -> 5 | I183: 1 | J183: =IF($F183="","Not counted",IF($H183<=0,"Out of stock",IF($H183<$I183,"Low stock","In stock"))) -> In stock | K183: Imported 09-Sep-2026 | M183: =IF(Search!$C$4="",0,IF(ISNUMBER(SEARCH(Search!$C$4,$A183&" "&$B183&" "&$C183&" "&$E183)),1,0)) -> 0 | N183: =IF(M183=1,SUM($M$2:M183),"") | O183: =IF(OR($J183="Out of stock",$J183="Low stock",$J183="Not counted"),1,0) -> 0 | P183: =IF(O183=1,SUM($O$2:O183),"")
A184: EC183 | B184: ESP 8266 | C184: MCU / Dev Board | E184: E3 | F184: 4 | G184: =SUMIFS('Issue Log'!$G$2:$G$501,'Issue Log'!$B$2:$B$501,$A184,'Issue Log'!$J$2:$J$501,"Out") -> 0 | H184: =IF($F184="","",$F184-$G184) -> 4 | I184: 1 | J184: =IF($F184="","Not counted",IF($H184<=0,"Out of stock",IF($H184<$I184,"Low stock","In stock"))) -> In stock | K184: Imported 09-Sep-2026 | M184: =IF(Search!$C$4="",0,IF(ISNUMBER(SEARCH(Search!$C$4,$A184&" "&$B184&" "&$C184&" "&$E184)),1,0)) -> 0 | N184: =IF(M184=1,SUM($M$2:M184),"") | O184: =IF(OR($J184="Out of stock",$J184="Low stock",$J184="Not counted"),1,0) -> 0 | P184: =IF(O184=1,SUM($O$2:O184),"")
A185: EC184 | B185: ESP32 | C185: MCU / Dev Board | E185: E3 | F185: 7 | G185: =SUMIFS('Issue Log'!$G$2:$G$501,'Issue Log'!$B$2:$B$501,$A185,'Issue Log'!$J$2:$J$501,"Out") -> 0 | H185: =IF($F185="","",$F185-$G185) -> 7 | I185: 1 | J185: =IF($F185="","Not counted",IF($H185<=0,"Out of stock",IF($H185<$I185,"Low stock","In stock"))) -> In stock | K185: Imported 09-Sep-2026 | M185: =IF(Search!$C$4="",0,IF(ISNUMBER(SEARCH(Search!$C$4,$A185&" "&$B185&" "&$C185&" "&$E185)),1,0)) -> 0 | N185: =IF(M185=1,SUM($M$2:M185),"") | O185: =IF(OR($J185="Out of stock",$J185="Low stock",$J185="Not counted"),1,0) -> 0 | P185: =IF(O185=1,SUM($O$2:O185),"")
A186: EC185 | B186: Female to Female | C186: Jumper Wire | E186: E4 | G186: =SUMIFS('Issue Log'!$G$2:$G$501,'Issue Log'!$B$2:$B$501,$A186,'Issue Log'!$J$2:$J$501,"Out") -> 0 | H186: =IF($F186="","",$F186-$G186) | I186: 5 | J186: =IF($F186="","Not counted",IF($H186<=0,"Out of stock",IF($H186<$I186,"Low stock","In stock"))) -> Not counted | K186: Imported 09-Sep-2026 | M186: =IF(Search!$C$4="",0,IF(ISNUMBER(SEARCH(Search!$C$4,$A186&" "&$B186&" "&$C186&" "&$E186)),1,0)) -> 0 | N186: =IF(M186=1,SUM($M$2:M186),"") | O186: =IF(OR($J186="Out of stock",$J186="Low stock",$J186="Not counted"),1,0) -> 1 | P186: =IF(O186=1,SUM($O$2:O186),"") -> 37
A187: EC186 | B187: Male to Male | C187: Jumper Wire | E187: E5 | G187: =SUMIFS('Issue Log'!$G$2:$G$501,'Issue Log'!$B$2:$B$501,$A187,'Issue Log'!$J$2:$J$501,"Out") -> 0 | H187: =IF($F187="","",$F187-$G187) | I187: 5 | J187: =IF($F187="","Not counted",IF($H187<=0,"Out of stock",IF($H187<$I187,"Low stock","In stock"))) -> Not counted | K187: Imported 09-Sep-2026 | M187: =IF(Search!$C$4="",0,IF(ISNUMBER(SEARCH(Search!$C$4,$A187&" "&$B187&" "&$C187&" "&$E187)),1,0)) -> 0 | N187: =IF(M187=1,SUM($M$2:M187),"") | O187: =IF(OR($J187="Out of stock",$J187="Low stock",$J187="Not counted"),1,0) -> 1 | P187: =IF(O187=1,SUM($O$2:O187),"") -> 38
A188: EC187 | B188: Male to Female | C188: Jumper Wire | E188: E6 | G188: =SUMIFS('Issue Log'!$G$2:$G$501,'Issue Log'!$B$2:$B$501,$A188,'Issue Log'!$J$2:$J$501,"Out") -> 0 | H188: =IF($F188="","",$F188-$G188) | I188: 5 | J188: =IF($F188="","Not counted",IF($H188<=0,"Out of stock",IF($H188<$I188,"Low stock","In stock"))) -> Not counted | K188: Imported 09-Sep-2026 | M188: =IF(Search!$C$4="",0,IF(ISNUMBER(SEARCH(Search!$C$4,$A188&" "&$B188&" "&$C188&" "&$E188)),1,0)) -> 0 | N188: =IF(M188=1,SUM($M$2:M188),"") | O188: =IF(OR($J188="Out of stock",$J188="Low stock",$J188="Not counted"),1,0) -> 1 | P188: =IF(O188=1,SUM($O$2:O188),"") -> 39
A189: EC188 | B189: 16x2 LCD Display | C189: Display | E189: G1 | F189: 14 | G189: =SUMIFS('Issue Log'!$G$2:$G$501,'Issue Log'!$B$2:$B$501,$A189,'Issue Log'!$J$2:$J$501,"Out") -> 0 | H189: =IF($F189="","",$F189-$G189) -> 14 | I189: 1 | J189: =IF($F189="","Not counted",IF($H189<=0,"Out of stock",IF($H189<$I189,"Low stock","In stock"))) -> In stock | K189: Imported 09-Sep-2026 | M189: =IF(Search!$C$4="",0,IF(ISNUMBER(SEARCH(Search!$C$4,$A189&" "&$B189&" "&$C189&" "&$E189)),1,0)) -> 0 | N189: =IF(M189=1,SUM($M$2:M189),"") | O189: =IF(OR($J189="Out of stock",$J189="Low stock",$J189="Not counted"),1,0) -> 0 | P189: =IF(O189=1,SUM($O$2:O189),"")
A190: EC189 | B190: USB Extention Cable | C190: Cable | E190: G2 | F190: 10 | G190: =SUMIFS('Issue Log'!$G$2:$G$501,'Issue Log'!$B$2:$B$501,$A190,'Issue Log'!$J$2:$J$501,"Out") -> 0 | H190: =IF($F190="","",$F190-$G190) -> 10 | I190: 2 | J190: =IF($F190="","Not counted",IF($H190<=0,"Out of stock",IF($H190<$I190,"Low stock","In stock"))) -> In stock | K190: Imported 09-Sep-2026 | M190: =IF(Search!$C$4="",0,IF(ISNUMBER(SEARCH(Search!$C$4,$A190&" "&$B190&" "&$C190&" "&$E190)),1,0)) -> 0 | N190: =IF(M190=1,SUM($M$2:M190),"") | O190: =IF(OR($J190="Out of stock",$J190="Low stock",$J190="Not counted"),1,0) -> 0 | P190: =IF(O190=1,SUM($O$2:O190),"")
A191: EC190 | B191: Ri- Pi Cable | C191: Cable | E191: G3 | F191: 5 | G191: =SUMIFS('Issue Log'!$G$2:$G$501,'Issue Log'!$B$2:$B$501,$A191,'Issue Log'!$J$2:$J$501,"Out") -> 0 | H191: =IF($F191="","",$F191-$G191) -> 5 | I191: 2 | J191: =IF($F191="","Not counted",IF($H191<=0,"Out of stock",IF($H191<$I191,"Low stock","In stock"))) -> In stock | K191: Imported 09-Sep-2026 | M191: =IF(Search!$C$4="",0,IF(ISNUMBER(SEARCH(Search!$C$4,$A191&" "&$B191&" "&$C191&" "&$E191)),1,0)) -> 0 | N191: =IF(M191=1,SUM($M$2:M191),"") | O191: =IF(OR($J191="Out of stock",$J191="Low stock",$J191="Not counted"),1,0) -> 0 | P191: =IF(O191=1,SUM($O$2:O191),"")
A192: EC191 | B192: HDMI Adapter | C192: Power | E192: G3 | F192: 3 | G192: =SUMIFS('Issue Log'!$G$2:$G$501,'Issue Log'!$B$2:$B$501,$A192,'Issue Log'!$J$2:$J$501,"Out") -> 0 | H192: =IF($F192="","",$F192-$G192) -> 3 | I192: 2 | J192: =IF($F192="","Not counted",IF($H192<=0,"Out of stock",IF($H192<$I192,"Low stock","In stock"))) -> In stock | K192: Imported 09-Sep-2026 | M192: =IF(Search!$C$4="",0,IF(ISNUMBER(SEARCH(Search!$C$4,$A192&" "&$B192&" "&$C192&" "&$E192)),1,0)) -> 0 | N192: =IF(M192=1,SUM($M$2:M192),"") | O192: =IF(OR($J192="Out of stock",$J192="Low stock",$J192="Not counted"),1,0) -> 0 | P192: =IF(O192=1,SUM($O$2:O192),"")
A193: EC192 | B193: AC cords and cables | C193: Cable | E193: G4 | G193: =SUMIFS('Issue Log'!$G$2:$G$501,'Issue Log'!$B$2:$B$501,$A193,'Issue Log'!$J$2:$J$501,"Out") -> 0 | H193: =IF($F193="","",$F193-$G193) | I193: 2 | J193: =IF($F193="","Not counted",IF($H193<=0,"Out of stock",IF($H193<$I193,"Low stock","In stock"))) -> Not counted | K193: Imported 09-Sep-2026 | M193: =IF(Search!$C$4="",0,IF(ISNUMBER(SEARCH(Search!$C$4,$A193&" "&$B193&" "&$C193&" "&$E193)),1,0)) -> 0 | N193: =IF(M193=1,SUM($M$2:M193),"") | O193: =IF(OR($J193="Out of stock",$J193="Low stock",$J193="Not counted"),1,0) -> 1 | P193: =IF(O193=1,SUM($O$2:O193),"") -> 40
A194: EC193 | B194: Robotronix IR sensor | C194: Module | E194: G5 | F194: 47 | G194: =SUMIFS('Issue Log'!$G$2:$G$501,'Issue Log'!$B$2:$B$501,$A194,'Issue Log'!$J$2:$J$501,"Out") -> 0 | H194: =IF($F194="","",$F194-$G194) -> 47 | I194: 2 | J194: =IF($F194="","Not counted",IF($H194<=0,"Out of stock",IF($H194<$I194,"Low stock","In stock"))) -> In stock | K194: Imported 09-Sep-2026 | M194: =IF(Search!$C$4="",0,IF(ISNUMBER(SEARCH(Search!$C$4,$A194&" "&$B194&" "&$C194&" "&$E194)),1,0)) -> 0 | N194: =IF(M194=1,SUM($M$2:M194),"") | O194: =IF(OR($J194="Out of stock",$J194="Low stock",$J194="Not counted"),1,0) -> 0 | P194: =IF(O194=1,SUM($O$2:O194),"")
A195: EC194 | B195: 1 Channel Relay Module | C195: Relay | E195: G6 | F195: 21 | G195: =SUMIFS('Issue Log'!$G$2:$G$501,'Issue Log'!$B$2:$B$501,$A195,'Issue Log'!$J$2:$J$501,"Out") -> 0 | H195: =IF($F195="","",$F195-$G195) -> 21 | I195: 2 | J195: =IF($F195="","Not counted",IF($H195<=0,"Out of stock",IF($H195<$I195,"Low stock","In stock"))) -> In stock | K195: Imported 09-Sep-2026 | M195: =IF(Search!$C$4="",0,IF(ISNUMBER(SEARCH(Search!$C$4,$A195&" "&$B195&" "&$C195&" "&$E195)),1,0)) -> 0 | N195: =IF(M195=1,SUM($M$2:M195),"") | O195: =IF(OR($J195="Out of stock",$J195="Low stock",$J195="Not counted"),1,0) -> 0 | P195: =IF(O195=1,SUM($O$2:O195),"")
A196: EC195 | B196: 2 Channel Relay Module | C196: Relay | E196: G6 | F196: 4 | G196: =SUMIFS('Issue Log'!$G$2:$G$501,'Issue Log'!$B$2:$B$501,$A196,'Issue Log'!$J$2:$J$501,"Out") -> 0 | H196: =IF($F196="","",$F196-$G196) -> 4 | I196: 2 | J196: =IF($F196="","Not counted",IF($H196<=0,"Out of stock",IF($H196<$I196,"Low stock","In stock"))) -> In stock | K196: Imported 09-Sep-2026 | M196: =IF(Search!$C$4="",0,IF(ISNUMBER(SEARCH(Search!$C$4,$A196&" "&$B196&" "&$C196&" "&$E196)),1,0)) -> 0 | N196: =IF(M196=1,SUM($M$2:M196),"") | O196: =IF(OR($J196="Out of stock",$J196="Low stock",$J196="Not counted"),1,0) -> 0 | P196: =IF(O196=1,SUM($O$2:O196),"")
A197: EC196 | B197: 4 Channel Relay Module | C197: Relay | E197: G6 | F197: 4 | G197: =SUMIFS('Issue Log'!$G$2:$G$501,'Issue Log'!$B$2:$B$501,$A197,'Issue Log'!$J$2:$J$501,"Out") -> 0 | H197: =IF($F197="","",$F197-$G197) -> 4 | I197: 2 | J197: =IF($F197="","Not counted",IF($H197<=0,"Out of stock",IF($H197<$I197,"Low stock","In stock"))) -> In stock | K197: Imported 09-Sep-2026 | M197: =IF(Search!$C$4="",0,IF(ISNUMBER(SEARCH(Search!$C$4,$A197&" "&$B197&" "&$C197&" "&$E197)),1,0)) -> 0 | N197: =IF(M197=1,SUM($M$2:M197),"") | O197: =IF(OR($J197="Out of stock",$J197="Low stock",$J197="Not counted"),1,0) -> 0 | P197: =IF(O197=1,SUM($O$2:O197),"")
A198: EC197 | B198: A Type USB Cable | C198: Cable | E198: H1 | F198: 18 | G198: =SUMIFS('Issue Log'!$G$2:$G$501,'Issue Log'!$B$2:$B$501,$A198,'Issue Log'!$J$2:$J$501,"Out") -> 0 | H198: =IF($F198="","",$F198-$G198) -> 18 | I198: 2 | J198: =IF($F198="","Not counted",IF($H198<=0,"Out of stock",IF($H198<$I198,"Low stock","In stock"))) -> In stock | K198: Imported 09-Sep-2026 | M198: =IF(Search!$C$4="",0,IF(ISNUMBER(SEARCH(Search!$C$4,$A198&" "&$B198&" "&$C198&" "&$E198)),1,0)) -> 0 | N198: =IF(M198=1,SUM($M$2:M198),"") | O198: =IF(OR($J198="Out of stock",$J198="Low stock",$J198="Not counted"),1,0) -> 0 | P198: =IF(O198=1,SUM($O$2:O198),"")
A199: EC198 | B199: STM 32 Cable | C199: Cable | E199: H1 | F199: 1 | G199: =SUMIFS('Issue Log'!$G$2:$G$501,'Issue Log'!$B$2:$B$501,$A199,'Issue Log'!$J$2:$J$501,"Out") -> 0 | H199: =IF($F199="","",$F199-$G199) -> 1 | I199: 2 | J199: =IF($F199="","Not counted",IF($H199<=0,"Out of stock",IF($H199<$I199,"Low stock","In stock"))) -> Low stock | K199: Imported 09-Sep-2026 | M199: =IF(Search!$C$4="",0,IF(ISNUMBER(SEARCH(Search!$C$4,$A199&" "&$B199&" "&$C199&" "&$E199)),1,0)) -> 0 | N199: =IF(M199=1,SUM($M$2:M199),"") | O199: =IF(OR($J199="Out of stock",$J199="Low stock",$J199="Not counted"),1,0) -> 1 | P199: =IF(O199=1,SUM($O$2:O199),"") -> 41
A200: EC199 | B200: Micro USB Cable | C200: Cable | E200: H1 | F200: 3 | G200: =SUMIFS('Issue Log'!$G$2:$G$501,'Issue Log'!$B$2:$B$501,$A200,'Issue Log'!$J$2:$J$501,"Out") -> 0 | H200: =IF($F200="","",$F200-$G200) -> 3 | I200: 2 | J200: =IF($F200="","Not counted",IF($H200<=0,"Out of stock",IF($H200<$I200,"Low stock","In stock"))) -> In stock | K200: Imported 09-Sep-2026 | M200: =IF(Search!$C$4="",0,IF(ISNUMBER(SEARCH(Search!$C$4,$A200&" "&$B200&" "&$C200&" "&$E200)),1,0)) -> 0 | N200: =IF(M200=1,SUM($M$2:M200),"") | O200: =IF(OR($J200="Out of stock",$J200="Low stock",$J200="Not counted"),1,0) -> 0 | P200: =IF(O200=1,SUM($O$2:O200),"")
A201: EC200 | B201: JST connector | C201: Connector | E201: H2 | G201: =SUMIFS('Issue Log'!$G$2:$G$501,'Issue Log'!$B$2:$B$501,$A201,'Issue Log'!$J$2:$J$501,"Out") -> 0 | H201: =IF($F201="","",$F201-$G201) | I201: 4 | J201: =IF($F201="","Not counted",IF($H201<=0,"Out of stock",IF($H201<$I201,"Low stock","In stock"))) -> Not counted | K201: Imported 09-Sep-2026 | M201: =IF(Search!$C$4="",0,IF(ISNUMBER(SEARCH(Search!$C$4,$A201&" "&$B201&" "&$C201&" "&$E201)),1,0)) -> 0 | N201: =IF(M201=1,SUM($M$2:M201),"") | O201: =IF(OR($J201="Out of stock",$J201="Low stock",$J201="Not counted"),1,0) -> 1 | P201: =IF(O201=1,SUM($O$2:O201),"") -> 42
A202: EC201 | B202: USB Extention Cable | C202: Cable | E202: H3 | F202: 5 | G202: =SUMIFS('Issue Log'!$G$2:$G$501,'Issue Log'!$B$2:$B$501,$A202,'Issue Log'!$J$2:$J$501,"Out") -> 0 | H202: =IF($F202="","",$F202-$G202) -> 5 | I202: 2 | J202: =IF($F202="","Not counted",IF($H202<=0,"Out of stock",IF($H202<$I202,"Low stock","In stock"))) -> In stock | K202: Imported 09-Sep-2026 | M202: =IF(Search!$C$4="",0,IF(ISNUMBER(SEARCH(Search!$C$4,$A202&" "&$B202&" "&$C202&" "&$E202)),1,0)) -> 0 | N202: =IF(M202=1,SUM($M$2:M202),"") | O202: =IF(OR($J202="Out of stock",$J202="Low stock",$J202="Not counted"),1,0) -> 0 | P202: =IF(O202=1,SUM($O$2:O202),"")
A203: EC202 | B203: GSM Rx Module | C203: Module | E203: H4 | F203: 5 | G203: =SUMIFS('Issue Log'!$G$2:$G$501,'Issue Log'!$B$2:$B$501,$A203,'Issue Log'!$J$2:$J$501,"Out") -> 0 | H203: =IF($F203="","",$F203-$G203) -> 5 | I203: 2 | J203: =IF($F203="","Not counted",IF($H203<=0,"Out of stock",IF($H203<$I203,"Low stock","In stock"))) -> In stock | K203: Imported 09-Sep-2026 | M203: =IF(Search!$C$4="",0,IF(ISNUMBER(SEARCH(Search!$C$4,$A203&" "&$B203&" "&$C203&" "&$E203)),1,0)) -> 0 | N203: =IF(M203=1,SUM($M$2:M203),"") | O203: =IF(OR($J203="Out of stock",$J203="Low stock",$J203="Not counted"),1,0) -> 0 | P203: =IF(O203=1,SUM($O$2:O203),"")
A204: EC203 | B204: 19v Adapter | C204: Power | E204: ADAPTER BOX | F204: 2 | G204: =SUMIFS('Issue Log'!$G$2:$G$501,'Issue Log'!$B$2:$B$501,$A204,'Issue Log'!$J$2:$J$501,"Out") -> 0 | H204: =IF($F204="","",$F204-$G204) -> 2 | I204: 2 | J204: =IF($F204="","Not counted",IF($H204<=0,"Out of stock",IF($H204<$I204,"Low stock","In stock"))) -> In stock | K204: Imported 09-Sep-2026 | M204: =IF(Search!$C$4="",0,IF(ISNUMBER(SEARCH(Search!$C$4,$A204&" "&$B204&" "&$C204&" "&$E204)),1,0)) -> 0 | N204: =IF(M204=1,SUM($M$2:M204),"") | O204: =IF(OR($J204="Out of stock",$J204="Low stock",$J204="Not counted"),1,0) -> 0 | P204: =IF(O204=1,SUM($O$2:O204),"")
A205: EC204 | B205: 5V adapter | C205: Power | E205: ADAPTER BOX | F205: 8 | G205: =SUMIFS('Issue Log'!$G$2:$G$501,'Issue Log'!$B$2:$B$501,$A205,'Issue Log'!$J$2:$J$501,"Out") -> 0 | H205: =IF($F205="","",$F205-$G205) -> 8 | I205: 2 | J205: =IF($F205="","Not counted",IF($H205<=0,"Out of stock",IF($H205<$I205,"Low stock","In stock"))) -> In stock | K205: Imported 09-Sep-2026 | M205: =IF(Search!$C$4="",0,IF(ISNUMBER(SEARCH(Search!$C$4,$A205&" "&$B205&" "&$C205&" "&$E205)),1,0)) -> 0 | N205: =IF(M205=1,SUM($M$2:M205),"") | O205: =IF(OR($J205="Out of stock",$J205="Low stock",$J205="Not counted"),1,0) -> 0 | P205: =IF(O205=1,SUM($O$2:O205),"")
A206: EC205 | B206: 12v Adapter | C206: Power | E206: ADAPTER BOX | F206: 9 | G206: =SUMIFS('Issue Log'!$G$2:$G$501,'Issue Log'!$B$2:$B$501,$A206,'Issue Log'!$J$2:$J$501,"Out") -> 0 | H206: =IF($F206="","",$F206-$G206) -> 9 | I206: 2 | J206: =IF($F206="","Not counted",IF($H206<=0,"Out of stock",IF($H206<$I206,"Low stock","In stock"))) -> In stock | K206: Imported 09-Sep-2026 | M206: =IF(Search!$C$4="",0,IF(ISNUMBER(SEARCH(Search!$C$4,$A206&" "&$B206&" "&$C206&" "&$E206)),1,0)) -> 0 | N206: =IF(M206=1,SUM($M$2:M206),"") | O206: =IF(OR($J206="Out of stock",$J206="Low stock",$J206="Not counted"),1,0) -> 0 | P206: =IF(O206=1,SUM($O$2:O206),"")
A207: EC206 | B207: 9V Adapter | C207: Power | E207: ADAPTER BOX | F207: 1 | G207: =SUMIFS('Issue Log'!$G$2:$G$501,'Issue Log'!$B$2:$B$501,$A207,'Issue Log'!$J$2:$J$501,"Out") -> 0 | H207: =IF($F207="","",$F207-$G207) -> 1 | I207: 2 | J207: =IF($F207="","Not counted",IF($H207<=0,"Out of stock",IF($H207<$I207,"Low stock","In stock"))) -> Low stock | K207: Imported 09-Sep-2026 | M207: =IF(Search!$C$4="",0,IF(ISNUMBER(SEARCH(Search!$C$4,$A207&" "&$B207&" "&$C207&" "&$E207)),1,0)) -> 0 | N207: =IF(M207=1,SUM($M$2:M207),"") | O207: =IF(OR($J207="Out of stock",$J207="Low stock",$J207="Not counted"),1,0) -> 1 | P207: =IF(O207=1,SUM($O$2:O207),"") -> 43
A208: EC207 | B208: 14V Adapter | C208: Power | E208: ADAPTER BOX | F208: 1 | G208: =SUMIFS('Issue Log'!$G$2:$G$501,'Issue Log'!$B$2:$B$501,$A208,'Issue Log'!$J$2:$J$501,"Out") -> 0 | H208: =IF($F208="","",$F208-$G208) -> 1 | I208: 2 | J208: =IF($F208="","Not counted",IF($H208<=0,"Out of stock",IF($H208<$I208,"Low stock","In stock"))) -> Low stock | K208: Imported 09-Sep-2026 | M208: =IF(Search!$C$4="",0,IF(ISNUMBER(SEARCH(Search!$C$4,$A208&" "&$B208&" "&$C208&" "&$E208)),1,0)) -> 0 | N208: =IF(M208=1,SUM($M$2:M208),"") | O208: =IF(OR($J208="Out of stock",$J208="Low stock",$J208="Not counted"),1,0) -> 1 | P208: =IF(O208=1,SUM($O$2:O208),"") -> 44
A209: EC208 | B209: BreadBoard | C209: Power | E209: UNASSIGNED | F209: 13 | G209: =SUMIFS('Issue Log'!$G$2:$G$501,'Issue Log'!$B$2:$B$501,$A209,'Issue Log'!$J$2:$J$501,"Out") -> 0 | H209: =IF($F209="","",$F209-$G209) -> 13 | I209: 2 | J209: =IF($F209="","Not counted",IF($H209<=0,"Out of stock",IF($H209<$I209,"Low stock","In stock"))) -> In stock | K209: Imported 09-Sep-2026 | M209: =IF(Search!$C$4="",0,IF(ISNUMBER(SEARCH(Search!$C$4,$A209&" "&$B209&" "&$C209&" "&$E209)),1,0)) -> 0 | N209: =IF(M209=1,SUM($M$2:M209),"") | O209: =IF(OR($J209="Out of stock",$J209="Low stock",$J209="Not counted"),1,0) -> 0 | P209: =IF(O209=1,SUM($O$2:O209),"")
A210: EC209 | B210: EM-18 Reader Module | C210: Module | E210: UNASSIGNED | F210: 8 | G210: =SUMIFS('Issue Log'!$G$2:$G$501,'Issue Log'!$B$2:$B$501,$A210,'Issue Log'!$J$2:$J$501,"Out") -> 0 | H210: =IF($F210="","",$F210-$G210) -> 8 | I210: 2 | J210: =IF($F210="","Not counted",IF($H210<=0,"Out of stock",IF($H210<$I210,"Low stock","In stock"))) -> In stock | K210: Imported 09-Sep-2026 | M210: =IF(Search!$C$4="",0,IF(ISNUMBER(SEARCH(Search!$C$4,$A210&" "&$B210&" "&$C210&" "&$E210)),1,0)) -> 0 | N210: =IF(M210=1,SUM($M$2:M210),"") | O210: =IF(OR($J210="Out of stock",$J210="Low stock",$J210="Not counted"),1,0) -> 0 | P210: =IF(O210=1,SUM($O$2:O210),"")
A211: EC210 | B211: 128x64 dislpay | C211: Display | E211: DISPLAY BOX | F211: 16 | G211: =SUMIFS('Issue Log'!$G$2:$G$501,'Issue Log'!$B$2:$B$501,$A211,'Issue Log'!$J$2:$J$501,"Out") -> 0 | H211: =IF($F211="","",$F211-$G211) -> 16 | I211: 1 | J211: =IF($F211="","Not counted",IF($H211<=0,"Out of stock",IF($H211<$I211,"Low stock","In stock"))) -> In stock | K211: Imported 09-Sep-2026 | M211: =IF(Search!$C$4="",0,IF(ISNUMBER(SEARCH(Search!$C$4,$A211&" "&$B211&" "&$C211&" "&$E211)),1,0)) -> 0 | N211: =IF(M211=1,SUM($M$2:M211),"") | O211: =IF(OR($J211="Out of stock",$J211="Low stock",$J211="Not counted"),1,0) -> 0 | P211: =IF(O211=1,SUM($O$2:O211),"")
A212: EC211 | B212: JHD 204 A Display | C212: Display | E212: DISPLAY BOX | F212: 1 | G212: =SUMIFS('Issue Log'!$G$2:$G$501,'Issue Log'!$B$2:$B$501,$A212,'Issue Log'!$J$2:$J$501,"Out") -> 0 | H212: =IF($F212="","",$F212-$G212) -> 1 | I212: 1 | J212: =IF($F212="","Not counted",IF($H212<=0,"Out of stock",IF($H212<$I212,"Low stock","In stock"))) -> In stock | K212: Imported 09-Sep-2026 | M212: =IF(Search!$C$4="",0,IF(ISNUMBER(SEARCH(Search!$C$4,$A212&" "&$B212&" "&$C212&" "&$E212)),1,0)) -> 0 | N212: =IF(M212=1,SUM($M$2:M212),"") | O212: =IF(OR($J212="Out of stock",$J212="Low stock",$J212="Not counted"),1,0) -> 0 | P212: =IF(O212=1,SUM($O$2:O212),"")
A213: EC212 | B213: 9V Battery | C213: Battery | E213: BATTERY BOX | F213: 15 | G213: =SUMIFS('Issue Log'!$G$2:$G$501,'Issue Log'!$B$2:$B$501,$A213,'Issue Log'!$J$2:$J$501,"Out") -> 0 | H213: =IF($F213="","",$F213-$G213) -> 15 | I213: 2 | J213: =IF($F213="","Not counted",IF($H213<=0,"Out of stock",IF($H213<$I213,"Low stock","In stock"))) -> In stock | K213: Imported 09-Sep-2026 | M213: =IF(Search!$C$4="",0,IF(ISNUMBER(SEARCH(Search!$C$4,$A213&" "&$B213&" "&$C213&" "&$E213)),1,0)) -> 0 | N213: =IF(M213=1,SUM($M$2:M213),"") | O213: =IF(OR($J213="Out of stock",$J213="Low stock",$J213="Not counted"),1,0) -> 0 | P213: =IF(O213=1,SUM($O$2:O213),"")
... A216: EC215 | B216: 10 pin IC Base | C216: IC Base | E216: UNASSIGNED | F216: 126 | G216: =SUMIFS('Issue Log'!$G$2:$G$501,'Issue Log'!$B$2:$B$501,$A216,'Issue Log'!$J$2:$J$501,"Out") -> 0 | H216: =IF($F216="","",$F216-$G216) -> 126 | I216: 5 | J216: =IF($F216="","Not counted",IF($H216<=0,"Out of stock",IF($H216<$I216,"Low stock","In stock"))) -> In stock | K216: Imported 09-Sep-2026 | M216: =IF(Search!$C$4="",0,IF(ISNUMBER(SEARCH(Search!$C$4,$A216&" "&$B216&" "&$C216&" "&$E216)),1,0)) -> 0 | N216: =IF(M216=1,SUM($M$2:M216),"") | O216: =IF(OR($J216="Out of stock",$J216="Low stock",$J216="Not counted"),1,0) -> 0 | P216: =IF(O216=1,SUM($O$2:O216),"")
A217: EC216 | B217: 3.7V 1250 mAh Battery | C217: Battery | D217: Yes | E217: SMD BOX | F217: 1 | G217: =SUMIFS('Issue Log'!$G$2:$G$501,'Issue Log'!$B$2:$B$501,$A217,'Issue Log'!$J$2:$J$501,"Out") -> 0 | H217: =IF($F217="","",$F217-$G217) -> 1 | I217: 2 | J217: =IF($F217="","Not counted",IF($H217<=0,"Out of stock",IF($H217<$I217,"Low stock","In stock"))) -> Low stock | K217: Imported 09-Sep-2026 | M217: =IF(Search!$C$4="",0,IF(ISNUMBER(SEARCH(Search!$C$4,$A217&" "&$B217&" "&$C217&" "&$E217)),1,0)) -> 0 | N217: =IF(M217=1,SUM($M$2:M217),"") | O217: =IF(OR($J217="Out of stock",$J217="Low stock",$J217="Not counted"),1,0) -> 1 | P217: =IF(O217=1,SUM($O$2:O217),"") -> 45
A218: EC217 | B218: 3.7V 400 mAh Battery | C218: Battery | D218: Yes | E218: SMD BOX | F218: 1 | G218: =SUMIFS('Issue Log'!$G$2:$G$501,'Issue Log'!$B$2:$B$501,$A218,'Issue Log'!$J$2:$J$501,"Out") -> 0 | H218: =IF($F218="","",$F218-$G218) -> 1 | I218: 2 | J218: =IF($F218="","Not counted",IF($H218<=0,"Out of stock",IF($H218<$I218,"Low stock","In stock"))) -> Low stock | K218: Imported 09-Sep-2026 | M218: =IF(Search!$C$4="",0,IF(ISNUMBER(SEARCH(Search!$C$4,$A218&" "&$B218&" "&$C218&" "&$E218)),1,0)) -> 0 | N218: =IF(M218=1,SUM($M$2:M218),"") | O218: =IF(OR($J218="Out of stock",$J218="Low stock",$J218="Not counted"),1,0) -> 1 | P218: =IF(O218=1,SUM($O$2:O218),"") -> 46
...

Sheet Notes
B2: ABOUT THIS FILE
B5: Source: EC Lab Eventry Management System.xlsx (Sheet1, rows 2-391), imported 9 September 2026.
B6: 380 components across 58 storage positions were carried over.
B8: Cleaning applied to the original data
B9: • Quantities written as "50+" were read as 50 and the component name carries a trailing + as a reminder.
B10: • Quantities written as "?" were left blank and show as Not counted — 46 items need a physical count.
B11: • Category spellings were unified (RES. / RES → Resistor, CAP. / CAP (SMD) → Capacitor, and so on).
B12: • SMD parts kept their own column instead of being folded into the category name.
B13: • Rows with no location were placed in UNASSIGNED so they stay visible instead of disappearing.
B15: Columns you edit are blue. Everything black is a formula.
B16: Stock Qty the physical count on the shelf
B17: Min the level below which the row turns amber
... B28: export its CSV whenever you want this workbook refreshed.
